-- MySQL dump 10.16  Distrib 10.1.10-MariaDB, for Win32 (AMD64)
--
-- Host: localhost    Database: ruou
-- ------------------------------------------------------
-- Server version	10.1.10-MariaDB

/*!40101 SET @OLD_CHARACTER_SET_CLIENT=@@CHARACTER_SET_CLIENT */;
/*!40101 SET @OLD_CHARACTER_SET_RESULTS=@@CHARACTER_SET_RESULTS */;
/*!40101 SET @OLD_COLLATION_CONNECTION=@@COLLATION_CONNECTION */;
/*!40101 SET NAMES utf8 */;
/*!40103 SET @OLD_TIME_ZONE=@@TIME_ZONE */;
/*!40103 SET TIME_ZONE='+00:00' */;
/*!40014 SET @OLD_UNIQUE_CHECKS=@@UNIQUE_CHECKS, UNIQUE_CHECKS=0 */;
/*!40014 SET @OLD_FOREIGN_KEY_CHECKS=@@FOREIGN_KEY_CHECKS, FOREIGN_KEY_CHECKS=0 */;
/*!40101 SET @OLD_SQL_MODE=@@SQL_MODE, SQL_MODE='NO_AUTO_VALUE_ON_ZERO' */;
/*!40111 SET @OLD_SQL_NOTES=@@SQL_NOTES, SQL_NOTES=0 */;

--
-- Table structure for table `auth_assignment`
--

DROP TABLE IF EXISTS `auth_assignment`;
/*!40101 SET @saved_cs_client     = @@character_set_client */;
/*!40101 SET character_set_client = utf8 */;
CREATE TABLE `auth_assignment` (
  `item_name` varchar(64) COLLATE utf8_unicode_ci NOT NULL,
  `user_id` varchar(64) COLLATE utf8_unicode_ci NOT NULL,
  `created_at` int(11) DEFAULT NULL,
  PRIMARY KEY (`item_name`,`user_id`),
  CONSTRAINT `auth_assignment_ibfk_1` FOREIGN KEY (`item_name`) REFERENCES `auth_item` (`name`) ON DELETE CASCADE ON UPDATE CASCADE
) ENGINE=InnoDB DEFAULT CHARSET=utf8 COLLATE=utf8_unicode_ci;
/*!40101 SET character_set_client = @saved_cs_client */;

--
-- Dumping data for table `auth_assignment`
--

LOCK TABLES `auth_assignment` WRITE;
/*!40000 ALTER TABLE `auth_assignment` DISABLE KEYS */;
INSERT INTO `auth_assignment` VALUES ('permission_admin','1',1453393049),('permission_monitor','1',1453857958),('permission_monitor','26',1456488425),('permission_user','2',1456489241);
/*!40000 ALTER TABLE `auth_assignment` ENABLE KEYS */;
UNLOCK TABLES;

--
-- Table structure for table `auth_item`
--

DROP TABLE IF EXISTS `auth_item`;
/*!40101 SET @saved_cs_client     = @@character_set_client */;
/*!40101 SET character_set_client = utf8 */;
CREATE TABLE `auth_item` (
  `name` varchar(64) COLLATE utf8_unicode_ci NOT NULL,
  `type` int(11) NOT NULL,
  `description` text COLLATE utf8_unicode_ci,
  `rule_name` varchar(64) COLLATE utf8_unicode_ci DEFAULT NULL,
  `data` text COLLATE utf8_unicode_ci,
  `created_at` int(11) DEFAULT NULL,
  `updated_at` int(11) DEFAULT NULL,
  PRIMARY KEY (`name`),
  KEY `rule_name` (`rule_name`),
  KEY `type` (`type`),
  CONSTRAINT `auth_item_ibfk_1` FOREIGN KEY (`rule_name`) REFERENCES `auth_rule` (`name`) ON DELETE SET NULL ON UPDATE CASCADE
) ENGINE=InnoDB DEFAULT CHARSET=utf8 COLLATE=utf8_unicode_ci;
/*!40101 SET character_set_client = @saved_cs_client */;

--
-- Dumping data for table `auth_item`
--

LOCK TABLES `auth_item` WRITE;
/*!40000 ALTER TABLE `auth_item` DISABLE KEYS */;
INSERT INTO `auth_item` VALUES ('/*',2,NULL,NULL,NULL,1453392913,1453392913),('/admin/*',2,NULL,NULL,NULL,1453392930,1453392930),('/admin/assignment/*',2,NULL,NULL,NULL,1453392928,1453392928),('/admin/assignment/assign',2,NULL,NULL,NULL,1453392928,1453392928),('/admin/assignment/index',2,NULL,NULL,NULL,1453392927,1453392927),('/admin/assignment/search',2,NULL,NULL,NULL,1453392928,1453392928),('/admin/assignment/view',2,NULL,NULL,NULL,1453392928,1453392928),('/admin/default/*',2,NULL,NULL,NULL,1453392928,1453392928),('/admin/default/index',2,NULL,NULL,NULL,1453392928,1453392928),('/admin/menu/*',2,NULL,NULL,NULL,1453392928,1453392928),('/admin/menu/create',2,NULL,NULL,NULL,1453392928,1453392928),('/admin/menu/delete',2,NULL,NULL,NULL,1453392928,1453392928),('/admin/menu/index',2,NULL,NULL,NULL,1453392928,1453392928),('/admin/menu/update',2,NULL,NULL,NULL,1453392928,1453392928),('/admin/menu/view',2,NULL,NULL,NULL,1453392928,1453392928),('/admin/permission/*',2,NULL,NULL,NULL,1453392929,1453392929),('/admin/permission/assign',2,NULL,NULL,NULL,1453392929,1453392929),('/admin/permission/create',2,NULL,NULL,NULL,1453392929,1453392929),('/admin/permission/delete',2,NULL,NULL,NULL,1453392929,1453392929),('/admin/permission/index',2,NULL,NULL,NULL,1453392929,1453392929),('/admin/permission/search',2,NULL,NULL,NULL,1453392929,1453392929),('/admin/permission/update',2,NULL,NULL,NULL,1453392929,1453392929),('/admin/permission/view',2,NULL,NULL,NULL,1453392929,1453392929),('/admin/role/*',2,NULL,NULL,NULL,1453392929,1453392929),('/admin/role/assign',2,NULL,NULL,NULL,1453392929,1453392929),('/admin/role/create',2,NULL,NULL,NULL,1453392929,1453392929),('/admin/role/delete',2,NULL,NULL,NULL,1453392929,1453392929),('/admin/role/index',2,NULL,NULL,NULL,1453392929,1453392929),('/admin/role/search',2,NULL,NULL,NULL,1453392929,1453392929),('/admin/role/update',2,NULL,NULL,NULL,1453392929,1453392929),('/admin/role/view',2,NULL,NULL,NULL,1453392929,1453392929),('/admin/route/*',2,NULL,NULL,NULL,1453392929,1453392929),('/admin/route/assign',2,NULL,NULL,NULL,1453392929,1453392929),('/admin/route/create',2,NULL,NULL,NULL,1453392929,1453392929),('/admin/route/index',2,NULL,NULL,NULL,1453392929,1453392929),('/admin/route/search',2,NULL,NULL,NULL,1453392929,1453392929),('/admin/rule/*',2,NULL,NULL,NULL,1453392930,1453392930),('/admin/rule/create',2,NULL,NULL,NULL,1453392930,1453392930),('/admin/rule/delete',2,NULL,NULL,NULL,1453392930,1453392930),('/admin/rule/index',2,NULL,NULL,NULL,1453392930,1453392930),('/admin/rule/update',2,NULL,NULL,NULL,1453392930,1453392930),('/admin/rule/view',2,NULL,NULL,NULL,1453392930,1453392930),('/book/create',2,NULL,NULL,NULL,1456488952,1456488952),('/book/upload',2,NULL,NULL,NULL,1456488975,1456488975),('/branch/*',2,NULL,NULL,NULL,1453392913,1453392913),('/branch/create',2,NULL,NULL,NULL,1453392913,1453392913),('/branch/delete',2,NULL,NULL,NULL,1453392913,1453392913),('/branch/index',2,NULL,NULL,NULL,1453392913,1453392913),('/branch/update',2,NULL,NULL,NULL,1453392913,1453392913),('/branch/view',2,NULL,NULL,NULL,1453392913,1453392913),('/debug/*',2,NULL,NULL,NULL,1453392930,1453392930),('/debug/default/*',2,NULL,NULL,NULL,1453392930,1453392930),('/debug/default/db-explain',2,NULL,NULL,NULL,1453392930,1453392930),('/debug/default/download-mail',2,NULL,NULL,NULL,1453392930,1453392930),('/debug/default/index',2,NULL,NULL,NULL,1453392930,1453392930),('/debug/default/toolbar',2,NULL,NULL,NULL,1453392930,1453392930),('/debug/default/view',2,NULL,NULL,NULL,1453392930,1453392930),('/gii/*',2,NULL,NULL,NULL,1453392931,1453392931),('/gii/default/*',2,NULL,NULL,NULL,1453392931,1453392931),('/gii/default/action',2,NULL,NULL,NULL,1453392930,1453392930),('/gii/default/diff',2,NULL,NULL,NULL,1453392930,1453392930),('/gii/default/index',2,NULL,NULL,NULL,1453392930,1453392930),('/gii/default/preview',2,NULL,NULL,NULL,1453392930,1453392930),('/gii/default/view',2,NULL,NULL,NULL,1453392930,1453392930),('/site/*',2,NULL,NULL,NULL,1453392913,1453392913),('/site/error',2,NULL,NULL,NULL,1453392913,1453392913),('/site/index',2,NULL,NULL,NULL,1453392913,1453392913),('/site/login',2,NULL,NULL,NULL,1453392913,1453392913),('/site/logout',2,NULL,NULL,NULL,1453392913,1453392913),('permission_admin',2,'Là người quản trị toàn bộ hệ thống',NULL,NULL,1453393029,1453393029),('permission_monitor',2,'quan tri bai viet',NULL,NULL,1453855634,1453855634),('permission_user',2,'La hoc vien cua he thong',NULL,NULL,1456379015,1456379015);
/*!40000 ALTER TABLE `auth_item` ENABLE KEYS */;
UNLOCK TABLES;

--
-- Table structure for table `auth_item_child`
--

DROP TABLE IF EXISTS `auth_item_child`;
/*!40101 SET @saved_cs_client     = @@character_set_client */;
/*!40101 SET character_set_client = utf8 */;
CREATE TABLE `auth_item_child` (
  `parent` varchar(64) COLLATE utf8_unicode_ci NOT NULL,
  `child` varchar(64) COLLATE utf8_unicode_ci NOT NULL,
  PRIMARY KEY (`parent`,`child`),
  KEY `child` (`child`),
  CONSTRAINT `auth_item_child_ibfk_1` FOREIGN KEY (`parent`) REFERENCES `auth_item` (`name`) ON DELETE CASCADE ON UPDATE CASCADE,
  CONSTRAINT `auth_item_child_ibfk_2` FOREIGN KEY (`child`) REFERENCES `auth_item` (`name`) ON DELETE CASCADE ON UPDATE CASCADE
) ENGINE=InnoDB DEFAULT CHARSET=utf8 COLLATE=utf8_unicode_ci;
/*!40101 SET character_set_client = @saved_cs_client */;

--
-- Dumping data for table `auth_item_child`
--

LOCK TABLES `auth_item_child` WRITE;
/*!40000 ALTER TABLE `auth_item_child` DISABLE KEYS */;
INSERT INTO `auth_item_child` VALUES ('permission_admin','/*'),('permission_monitor','/admin/assignment/*'),('permission_monitor','/book/create'),('permission_monitor','/book/upload'),('permission_monitor','permission_user'),('permission_user','/site/*');
/*!40000 ALTER TABLE `auth_item_child` ENABLE KEYS */;
UNLOCK TABLES;

--
-- Table structure for table `auth_rule`
--

DROP TABLE IF EXISTS `auth_rule`;
/*!40101 SET @saved_cs_client     = @@character_set_client */;
/*!40101 SET character_set_client = utf8 */;
CREATE TABLE `auth_rule` (
  `name` varchar(64) COLLATE utf8_unicode_ci NOT NULL,
  `data` text COLLATE utf8_unicode_ci,
  `created_at` int(11) DEFAULT NULL,
  `updated_at` int(11) DEFAULT NULL,
  PRIMARY KEY (`name`)
) ENGINE=InnoDB DEFAULT CHARSET=utf8 COLLATE=utf8_unicode_ci;
/*!40101 SET character_set_client = @saved_cs_client */;

--
-- Dumping data for table `auth_rule`
--

LOCK TABLES `auth_rule` WRITE;
/*!40000 ALTER TABLE `auth_rule` DISABLE KEYS */;
/*!40000 ALTER TABLE `auth_rule` ENABLE KEYS */;
UNLOCK TABLES;

--
-- Table structure for table `book`
--

DROP TABLE IF EXISTS `book`;
/*!40101 SET @saved_cs_client     = @@character_set_client */;
/*!40101 SET character_set_client = utf8 */;
CREATE TABLE `book` (
  `id` int(11) NOT NULL AUTO_INCREMENT,
  `title_seo` varchar(1024) COLLATE utf8_unicode_ci NOT NULL,
  `title` varchar(1024) COLLATE utf8_unicode_ci NOT NULL,
  `video` varchar(2048) COLLATE utf8_unicode_ci NOT NULL,
  `description` text COLLATE utf8_unicode_ci NOT NULL,
  `body` text COLLATE utf8_unicode_ci NOT NULL,
  `user_id` int(11) DEFAULT NULL,
  `isbn` varchar(32) COLLATE utf8_unicode_ci DEFAULT '0',
  `time_new` int(11) NOT NULL,
  `img` text COLLATE utf8_unicode_ci,
  PRIMARY KEY (`id`),
  KEY `author_id` (`user_id`),
  CONSTRAINT `book_ibfk_1` FOREIGN KEY (`user_id`) REFERENCES `user` (`id`)
) ENGINE=InnoDB AUTO_INCREMENT=14 DEFAULT CHARSET=utf8 COLLATE=utf8_unicode_ci;
/*!40101 SET character_set_client = @saved_cs_client */;

--
-- Dumping data for table `book`
--

LOCK TABLES `book` WRITE;
/*!40000 ALTER TABLE `book` DISABLE KEYS */;
INSERT INTO `book` VALUES (2,'giao-tiep-giua-php-va-mysql','Giao tiếp giửa PHP và MYSQL','','<p style=\"text-align:justify\">dang xay dung...</p>\r\n','<p style=\"text-align:justify\">​dang xay dung...</p>\r\n\r\n<p>&nbsp;</p>\r\n',1,'1',1455771234,'phpmysql.png'),(3,'khai-niem-va-thuc-hanh-html','Khái niệm và thực hành HTML','<iframe width=\"100%\" height=\"480\" src=\"https://www.youtube.com/embed/4Z0zKWVVXYA\" frameborder=\"0\" allowfullscreen></iframe>','Các khái niệm về mã HTML, giúp người lập trình bắt đầu nhập môn vào học lập trình website.','<p style=\"text-align:justify\">Để bắt đầu học ng&ocirc;n ngữ HTML th&igrave; m&igrave;nh khuy&ecirc;n c&aacute;c bạn/em t&igrave;m hiểu n&oacute; ở&nbsp;<a href=\"http://www.w3schools.com/html/html_intro.asp\" target=\"_blank\">http://www.w3schools.com/</a></p>\r\n\r\n<p style=\"text-align:justify\"><img alt=\"Các khái niệm về mã HTML, giúp người lập trình bắt đầu nhập môn vào học lập trình website.\" src=\"http://hocwebsite.org/uploads/w3school.png\" style=\"width:80%\" title=\"Khái niệm và thực hành HTML\" /></p>\r\n\r\n<p style=\"text-align:justify\"><strong>Kh&aacute;i niệm HTML l&agrave; g&igrave;?</strong></p>\r\n\r\n<p>HTML l&agrave; một ng&ocirc;n ngữ đ&aacute;nh dấu cho việc m&ocirc; tả c&aacute;c t&agrave;i liệu website.</p>\r\n\r\n<ul>\r\n	<li>HTML l&agrave; viết tắt của <strong>Hypertext Markup Language</strong></li>\r\n	<li>Một ng&ocirc;n ngữ đ&aacute;nh dấu l&agrave; một tập hợp c&aacute;c thẻ đ&aacute;nh dấu</li>\r\n	<li>T&agrave;i liệu HTML được m&ocirc; tả bằng c&aacute;c thẻ HTML</li>\r\n	<li>Mỗi thẻ HTML m&ocirc; tả nội dung t&agrave;i liệu kh&aacute;c nhau</li>\r\n</ul>\r\n\r\n<p><strong>V&iacute; dụ ta c&oacute; nội dung của một trang HTML đơn giản sau</strong></p>\r\n\r\n<p><span style=\"color:blue\">&lt;</span><span style=\"color:brown\">!DOCTYPE</span><span style=\"color:rgb(0, 0, 0)\">&nbsp;</span><span style=\"color:red\">html</span><span style=\"color:blue\">&gt;</span><br />\r\n<span style=\"color:blue\">&lt;</span><span style=\"color:brown\">html</span><span style=\"color:blue\">&gt;</span><br />\r\n<span style=\"color:blue\">&lt;</span><span style=\"color:brown\">head</span><span style=\"color:blue\">&gt;</span><br />\r\n<span style=\"color:blue\">&lt;</span><span style=\"color:brown\">title</span><span style=\"color:blue\">&gt;</span>Ti&ecirc;u đề website của bạn<span style=\"color:blue\">&lt;</span><span style=\"color:brown\">/title</span><span style=\"color:blue\">&gt;</span><br />\r\n<span style=\"color:blue\">&lt;</span><span style=\"color:brown\">/head</span><span style=\"color:blue\">&gt;</span><br />\r\n<span style=\"color:blue\">&lt;</span><span style=\"color:brown\">body</span><span style=\"color:blue\">&gt;</span><br />\r\n<br />\r\n<span style=\"color:blue\">&lt;</span><span style=\"color:brown\">h1</span><span style=\"color:blue\">&gt;</span><span style=\"color:rgb(0, 0, 0)\">Ti&ecirc;u đề nội dung b&agrave;i viết của bạn</span><span style=\"color:blue\">&lt;</span><span style=\"color:brown\">/h1</span><span style=\"color:blue\">&gt;</span><br />\r\n<span style=\"color:blue\">&lt;</span><span style=\"color:brown\">p</span><span style=\"color:blue\">&gt;</span><span style=\"color:rgb(0, 0, 0)\">C&aacute;c nội dung văn bản</span><span style=\"color:blue\">&lt;</span><span style=\"color:brown\">/p</span><span style=\"color:blue\">&gt;</span><br />\r\n<br />\r\n<span style=\"color:blue\">&lt;</span><span style=\"color:brown\">/body</span><span style=\"color:blue\">&gt;</span><br />\r\n<span style=\"color:blue\">&lt;</span><span style=\"color:brown\">/html</span><span style=\"color:blue\">&gt;</span></p>\r\n\r\n<p><strong>Giải th&iacute;ch v&iacute; dụ tr&ecirc;n&nbsp;</strong></p>\r\n\r\n<ul>\r\n	<li>Việc khai b&aacute;o <span style=\"color:blue\">&lt;</span><span style=\"color:brown\">!DOCTYPE</span><span style=\"color:rgb(0, 0, 0)\">&nbsp;</span><span style=\"color:red\">html</span><span style=\"color:blue\">&gt;</span> định nghĩa kiểu t&agrave;i liệu cho tr&igrave;nh duyệt, cụ thể&nbsp;đ&acirc;y l&agrave; khai b&aacute;o của HTML5.</li>\r\n	<li>Những nội dung nằm giửa&nbsp;<span style=\"color:blue\">&lt;</span><span style=\"color:brown\">html</span><span style=\"color:blue\">&gt;</span> v&agrave; <span style=\"color:blue\">&lt;</span><span style=\"color:brown\">/html</span><span style=\"color:blue\">&gt;</span> m&ocirc; tả to&agrave;n bộ&nbsp;t&agrave;i liệu&nbsp;HTML.</li>\r\n	<li>Nằm giửa&nbsp;<span style=\"color:blue\">&lt;</span><span style=\"color:brown\">head</span><span style=\"color:blue\">&gt;</span> v&agrave; <span style=\"color:blue\">&lt;</span><span style=\"color:brown\">/head</span><span style=\"color:blue\">&gt;</span> cung cấp th&ocirc;ng tin&nbsp;v&agrave;&nbsp;định dạng t&agrave;i liệu cho website của bạn.</li>\r\n	<li>Nằm giửa <span style=\"color:blue\">&lt;</span><span style=\"color:brown\">title</span><span style=\"color:blue\">&gt;</span> v&agrave; <span style=\"color:blue\">&lt;</span><span style=\"color:brown\">/title</span><span style=\"color:blue\">&gt;</span> l&agrave; ti&ecirc;u đề cho một trang website của bạn.</li>\r\n	<li>Nằm giửa <span style=\"color:blue\">&lt;</span><span style=\"color:brown\">body</span><span style=\"color:blue\">&gt;</span> v&agrave; <span style=\"color:blue\">&lt;</span><span style=\"color:brown\">/body</span><span style=\"color:blue\">&gt;</span> m&ocirc; tả nội dung trang c&oacute; thể nh&igrave;n thấy trong website của bạn.</li>\r\n	<li>Nằm giửa <span style=\"color:blue\">&lt;</span><span style=\"color:brown\">h1</span><span style=\"color:blue\">&gt;</span> v&agrave; <span style=\"color:blue\">&lt;</span><span style=\"color:brown\">/h1</span><span style=\"color:blue\">&gt;</span> thường l&agrave; ti&ecirc;u đề b&agrave;i viết của bạn.</li>\r\n	<li>Nằm giửa&nbsp;<span style=\"color:blue\">&lt;</span><span style=\"color:brown\">p</span><span style=\"color:blue\">&gt;</span> v&agrave; <span style=\"color:blue\">&lt;</span><span style=\"color:brown\">/p</span><span style=\"color:blue\">&gt;</span> m&ocirc; tả một đoạn văn, trong b&agrave;i viết của bạn.</li>\r\n</ul>\r\n\r\n<p><strong>C&aacute;c thẻ&nbsp;HTML</strong></p>\r\n\r\n<p>C&aacute;c thẻ HTML l&agrave; c&aacute;c từ kh&oacute;a (t&ecirc;n thẻ) được bao quanh bởi c&aacute;c dấu ngoặc nhọn:</p>\r\n\r\n<p><span style=\"color:blue\">&lt;</span><span style=\"color:brown\">t&ecirc;n thẻ</span><span style=\"color:blue\">&gt;</span>&nbsp;nội dung&nbsp;<span style=\"color:blue\">&lt;</span><span style=\"color:brown\">/t&ecirc;n thẻ</span><span style=\"color:blue\">&gt;</span></p>\r\n\r\n<ul>\r\n	<li>C&aacute;c thẻ HTML th&ocirc;ng thường đi theo cặp như <span style=\"color:blue\">&lt;</span><span style=\"color:brown\">p</span><span style=\"color:blue\">&gt;</span> v&agrave; <span style=\"color:blue\">&lt;</span><span style=\"color:brown\">/p</span><span style=\"color:blue\">&gt;</span>.</li>\r\n	<li><span style=\"color:blue\">&lt;</span><span style=\"color:brown\">t&ecirc;n thẻ</span><span style=\"color:blue\">&gt;</span>&nbsp; l&agrave; bắt đầu, c&ograve;n <span style=\"color:blue\">&lt;/</span><span style=\"color:brown\">t&ecirc;n thẻ</span><span style=\"color:blue\">&gt;</span>&nbsp;l&agrave; kết th&uacute;c thẻ.</li>\r\n</ul>\r\n\r\n<p><strong>Cấu tr&uacute;c một trang HTML&nbsp;</strong></p>\r\n\r\n<table border=\"0\" cellpadding=\"1\" cellspacing=\"1\" style=\"width:80%\" summary=\"Cấu trúc chuẩn của một trang HTML\">\r\n	<tbody>\r\n		<tr>\r\n			<td>\r\n			<p><span style=\"color:rgb(0, 0, 0)\">&lt;html&gt;</span></p>\r\n\r\n			<table border=\"0\" cellpadding=\"10\" cellspacing=\"1\" style=\"background:#FFF; margin-left:30px; width:80%\" summary=\"Phần khai báo và định dạng một trang HTML\">\r\n				<tbody>\r\n					<tr>\r\n						<td>\r\n						<p><span style=\"color:rgb(0, 0, 0)\">&lt;head&gt;</span></p>\r\n\r\n						<table border=\"0\" cellpadding=\"1\" cellspacing=\"1\" style=\"margin-left:30px; width:80%\" summary=\"Đây là tiêu đề của một website\">\r\n							<tbody>\r\n								<tr>\r\n									<td><span style=\"color:rgb(0, 0, 0)\">&lt;title&gt;Ti&ecirc;u đề trang website&lt;/title&gt;</span></td>\r\n								</tr>\r\n							</tbody>\r\n						</table>\r\n\r\n						<p><span style=\"color:rgb(0, 0, 0)\">&lt;/head&gt;</span></p>\r\n						</td>\r\n					</tr>\r\n					<tr>\r\n						<td>\r\n						<p><span style=\"color:rgb(0, 0, 0)\">&lt;body&gt;</span></p>\r\n\r\n						<table border=\"0\" cellpadding=\"1\" cellspacing=\"1\" style=\"margin-left:30px; width:80%\">\r\n							<tbody>\r\n								<tr>\r\n									<td><span style=\"color:rgb(0, 0, 0)\">&lt;h1&gt;Ti&ecirc;u đề của b&agrave;i viết &lt;/h1&gt;</span></td>\r\n								</tr>\r\n							</tbody>\r\n						</table>\r\n\r\n						<p>&nbsp;</p>\r\n\r\n						<table border=\"0\" cellpadding=\"1\" cellspacing=\"1\" style=\"margin-left:30px; width:80%\">\r\n							<tbody>\r\n								<tr>\r\n									<td><span style=\"color:rgb(0, 0, 0)\">&lt;p&gt;Đoạn văn bản đầu &lt;/p&gt;</span></td>\r\n								</tr>\r\n							</tbody>\r\n						</table>\r\n\r\n						<p>&nbsp;</p>\r\n\r\n						<table border=\"0\" cellpadding=\"1\" cellspacing=\"1\" style=\"margin-left:30px; width:80%\">\r\n							<tbody>\r\n								<tr>\r\n									<td><span style=\"color:rgb(0, 0, 0)\">&lt;p&gt;C&aacute;c đoạn văn bản tiếp theo&lt;/p&gt;</span></td>\r\n								</tr>\r\n							</tbody>\r\n						</table>\r\n\r\n						<p><span style=\"color:rgb(0, 0, 0)\">&lt;/body&gt;</span></p>\r\n						</td>\r\n					</tr>\r\n				</tbody>\r\n			</table>\r\n\r\n			<p><span style=\"color:rgb(0, 0, 0)\">&lt;/html&gt;</span></p>\r\n			</td>\r\n		</tr>\r\n	</tbody>\r\n</table>\r\n\r\n<p><strong>Lưu &yacute; </strong>l&agrave; chỉ m&igrave;nh nội dung nằm trong&nbsp;thẻ&nbsp;<span style=\"color:rgb(0, 0, 0)\">&lt;body&gt; v&agrave;&nbsp;&lt;/body&gt; l&agrave; mới được hiển thị ra tr&igrave;nh duyệt cho ch&uacute;ng ta xem m&agrave; th&ocirc;i.</span></p>\r\n\r\n<p><span style=\"color:rgb(0, 0, 0)\"><strong>C&ograve;n khai b&aacute;o</strong>&nbsp;</span>&lt;!DOCTYPE&gt;</p>\r\n\r\n<p>C&aacute;c &lt;! DOCTYPE&gt; khai gi&uacute;p tr&igrave;nh duyệt hiển thị một trang website của bạn một c&aacute;ch ch&iacute;nh x&aacute;c về&nbsp;loại (<a href=\"https://vi.wikipedia.org/wiki/XHTML\" target=\"_blank\">XHTML</a>:&nbsp;<em>Extensible HyperText Markup Language&nbsp;</em>hay HTML&nbsp;) v&agrave; phi&ecirc;n bản của n&oacute;.</p>\r\n\r\n<p>V&agrave; bạn khai b&aacute;o như thế n&agrave;o th&igrave; tất cả c&aacute;c khai b&aacute;o đ&oacute; đều được chấp nhận.</p>\r\n\r\n<p><strong>C&aacute;c kiểu khai b&aacute;o gồm</strong>&nbsp;</p>\r\n\r\n<p><strong>HTML5</strong> sẽ khai b&aacute;o l&agrave;&nbsp;</p>\r\n\r\n<table border=\"0\" cellpadding=\"1\" cellspacing=\"1\" style=\"width:80%\" summary=\"Khai báo nội dung HTML5 cho trình duyệt \">\r\n	<tbody>\r\n		<tr>\r\n			<td><span style=\"color:rgb(0, 0, 0)\">&nbsp;&lt;!DOCTYPE html&gt;</span></td>\r\n		</tr>\r\n	</tbody>\r\n</table>\r\n\r\n<p><strong>HTML 4.01</strong></p>\r\n\r\n<table border=\"0\" cellpadding=\"1\" cellspacing=\"1\" style=\"line-height:20.8px; width:100%\" summary=\"Khai báo nội dung HTML5 cho trình duyệt \">\r\n	<tbody>\r\n		<tr>\r\n			<td><span style=\"color:rgb(0, 0, 0)\">&nbsp; &lt;!DOCTYPE HTML PUBLIC &quot;-//W3C//DTD HTML 4.01 Transitional//EN&quot; &quot;http://www.w3.org/TR/html4/loose.dtd&quot;&gt;</span></td>\r\n		</tr>\r\n	</tbody>\r\n</table>\r\n\r\n<p><strong>XHTML 1.0&nbsp;</strong></p>\r\n\r\n<table border=\"0\" cellpadding=\"1\" cellspacing=\"1\" style=\"line-height:20.8px; width:100%\" summary=\"Khai báo nội dung HTML5 cho trình duyệt \">\r\n	<tbody>\r\n		<tr>\r\n			<td><span style=\"color:rgb(0, 0, 0)\">&nbsp; &lt;!DOCTYPE html PUBLIC &quot;-//W3C//DTD XHTML 1.0 Transitional//EN&quot; &quot;http://www.w3.org/TR/xhtml1/DTD/xhtml1-transitional.dtd&quot;&gt;</span></td>\r\n		</tr>\r\n	</tbody>\r\n</table>\r\n\r\n<p>V&agrave; cuối c&ugrave;ng c&aacute;c <strong>phi&ecirc;n bản HTML</strong> l&agrave;&nbsp;</p>\r\n\r\n<table border=\"0\" cellpadding=\"1\" cellspacing=\"1\" style=\"width:80%\">\r\n	<thead>\r\n		<tr>\r\n			<th scope=\"row\" style=\"text-align:left\"><strong>Phi&ecirc;n bản&nbsp;</strong></th>\r\n			<th scope=\"col\" style=\"text-align:left\"><strong>Năm&nbsp;</strong></th>\r\n		</tr>\r\n	</thead>\r\n	<tbody>\r\n		<tr>\r\n			<th scope=\"row\" style=\"text-align:left\"><strong>HTML</strong></th>\r\n			<td><strong>1991</strong></td>\r\n		</tr>\r\n		<tr>\r\n			<th scope=\"row\" style=\"text-align:left\"><strong>HTML 2.0</strong></th>\r\n			<td><strong>1995</strong></td>\r\n		</tr>\r\n		<tr>\r\n			<th scope=\"row\" style=\"text-align:left\">HTML 3.2&nbsp;</th>\r\n			<td><strong>1997</strong></td>\r\n		</tr>\r\n		<tr>\r\n			<th scope=\"row\" style=\"text-align:left\">HTML 4.0.1</th>\r\n			<td><strong>1999</strong></td>\r\n		</tr>\r\n		<tr>\r\n			<th scope=\"row\" style=\"text-align:left\">XHTML</th>\r\n			<td><strong>2000</strong></td>\r\n		</tr>\r\n		<tr>\r\n			<th scope=\"row\" style=\"text-align:left\"><strong>HTML 5</strong></th>\r\n			<td><strong>2014</strong></td>\r\n		</tr>\r\n	</tbody>\r\n</table>\r\n\r\n<p>&nbsp;</p>\r\n',1,'1',1456465183,'HTML5.png'),(4,'cai-dat-netbeans-ide-phuc-vu-viet-ma-php','Cài đặt NETBEANS IDE  phục vụ viết mã PHP','<iframe title=\"Cài đặt NETBEANS IDE  phục vụ viết mã PHP\" width=\"100%\" height=\"480\" src=\"https://www.youtube.com/embed/LbzFgnpJuqc\" frameborder=\"0\" allowfullscreen><p>Cài đặt NETBEANS IDE  phục vụ viết mã PHP</p></iframe>','Cài đặt công cụ hỗ trợ lập trình website là NETBEANS IDE . Giúp người lập trình ngôn ngữ PHP dễ dàng tạo projects.','<p style=\"text-align:justify\"><strong>Kh&aacute;i niệm IDE &nbsp;(</strong><a href=\"https://vi.wikipedia.org/wiki/M%C3%B4i_tr%C6%B0%E1%BB%9Dng_ph%C3%A1t_tri%E1%BB%83n_t%C3%ADch_h%E1%BB%A3p\" target=\"_blank\">https://vi.wikipedia.org</a><strong>)</strong></p>\r\n\r\n<p style=\"text-align:justify\">Ch&iacute;nh l&agrave;<strong> M&ocirc;i trường ph&aacute;t triển t&iacute;ch hợp</strong><span style=\"color:rgb(37, 37, 37)\">&nbsp;(</span><a href=\"https://vi.wikipedia.org/wiki/Ti%E1%BA%BFng_Anh\" style=\"text-decoration: none; color: rgb(11, 0, 128); font-family: sans-serif; font-size: 14px; line-height: 22.4px; background-image: none; background-attachment: initial; background-size: initial; background-origin: initial; background-clip: initial; background-position: initial; background-repeat: initial;\" target=\"_blank\" title=\"Tiếng Anh\">tiếng Anh</a><span style=\"color:rgb(37, 37, 37)\">:&nbsp;</span><em>Integrated Development Environment</em><span style=\"color:rgb(37, 37, 37)\">; viết tắt:&nbsp;</span><em>IDE</em><span style=\"color:rgb(37, 37, 37)\">) c&ograve;n được gọi l&agrave; &quot;</span><em>M&ocirc;i trường thiết kế hợp nhất</em><span style=\"color:rgb(37, 37, 37)\">&quot; (tiếng Anh:&nbsp;</span><em>Integrated Design Environment</em><span style=\"color:rgb(37, 37, 37)\">) hay &quot;</span><em>M&ocirc;i trường gỡ lỗi hợp nhất</em><span style=\"color:rgb(37, 37, 37)\">&quot; (tiếng Anh:</span><em>Integrated Debugging Environment</em><span style=\"color:rgb(37, 37, 37)\">) l&agrave; một loại&nbsp;</span><a href=\"https://vi.wikipedia.org/wiki/Ph%E1%BA%A7n_m%E1%BB%81m\" style=\"text-decoration: none; color: rgb(11, 0, 128); font-family: sans-serif; font-size: 14px; line-height: 22.4px; background-image: none; background-attachment: initial; background-size: initial; background-origin: initial; background-clip: initial; background-position: initial; background-repeat: initial;\" target=\"_blank\" title=\"Phần mềm\">phần mềm m&aacute;y t&iacute;nh</a><span style=\"color:rgb(37, 37, 37)\">&nbsp;c&oacute; c&ocirc;ng dụng gi&uacute;p đỡ c&aacute;c&nbsp;</span><a href=\"https://vi.wikipedia.org/wiki/L%E1%BA%ADp_tr%C3%ACnh_vi%C3%AAn\" style=\"text-decoration: none; color: rgb(11, 0, 128); font-family: sans-serif; font-size: 14px; line-height: 22.4px; background-image: none; background-attachment: initial; background-size: initial; background-origin: initial; background-clip: initial; background-position: initial; background-repeat: initial;\" target=\"_blank\" title=\"Lập trình viên\">lập tr&igrave;nh vi&ecirc;n</a><span style=\"color:rgb(37, 37, 37)\">&nbsp;trong việc ph&aacute;t triển phần mềm.</span></p>\r\n\r\n<p style=\"text-align:justify\">V&agrave; NETBEANS IDE l&agrave;&nbsp;<span style=\"color:rgb(37, 37, 37)\">m&ocirc;i trường ph&aacute;t triển hợp nhất nhiều ng&ocirc;n ngữ: c&oacute; thể l&agrave;m việc với nhiều ng&ocirc;n ngữ lập tr&igrave;nh như JAVA, C/C++, PHP ...</span></p>\r\n\r\n<p style=\"text-align:justify\">Để c&agrave;i đặt&nbsp;NETBEANS IDE&nbsp;ta cần l&agrave;m c&aacute;c bước sau.</p>\r\n\r\n<p style=\"text-align:justify\"><strong>Bước 1</strong>&nbsp;ch&uacute;ng ta tải NETBEANS về ở&nbsp;<a href=\"https://netbeans.org/downloads/index.html\" target=\"_blank\">đ&acirc;y</a>&nbsp;ta chọn PHP v&agrave; nếu windows bạn l&agrave; 32bit th&igrave; ta chọn Download x86, c&ograve;n windows của bạn l&agrave; 64bit th&igrave; ta chọn bản&nbsp;Download x64.</p>\r\n\r\n<p style=\"margin-left:40px; text-align:justify\"><img alt=\"Cài đặt IDE netbeans phục vụ viết mã PHP\" src=\"http://hocwebsite.org/uploads/netbeans1.jpg\" style=\"width:80%\" /></p>\r\n\r\n<p><strong>Bước 2</strong>&nbsp;c&agrave;i đặt JDK ở&nbsp;<a href=\"http://www.oracle.com/technetwork/java/javase/downloads/jdk7-downloads-1880260.html\" target=\"_blank\">đ&acirc;y</a>&nbsp;</p>\r\n\r\n<p style=\"margin-left:40px\">Sau đ&oacute; c&aacute;c bạn k&eacute;o xuống v&agrave; chọn&nbsp;<span style=\"color:rgb(255, 0, 0)\"><strong>Accept License Agreement&nbsp;</strong></span></p>\r\n\r\n<p style=\"margin-left:40px\"><img alt=\"Cài đặt IDE netbeans phục vụ viết mã PHP\" src=\"http://hocwebsite.org/uploads/netbeans2.jpg\" style=\"width:80%\" /></p>\r\n\r\n<p style=\"margin-left:40px\">Chọn bản th&iacute;ch hợp cho Windows của m&igrave;nh&nbsp;</p>\r\n\r\n<p style=\"margin-left:40px\"><img alt=\"Cài đặt IDE netbeans phục vụ viết mã PHP\" src=\"http://hocwebsite.org/uploads/netbeans3.jpg\" style=\"width:80%\" /></p>\r\n\r\n<p style=\"margin-left:40px\">Sau đ&oacute; phụ thuộc v&agrave;o windows của bạn l&agrave; 32 bit th&igrave; bạn chọn&nbsp;</p>\r\n\r\n<p style=\"margin-left:40px\"><span style=\"color:rgb(0, 0, 0)\">Windows x86 |&nbsp;138.31 MB &nbsp;|&nbsp;</span>jdk-7u79-windows-i586.exe</p>\r\n\r\n<p style=\"margin-left:40px\">Nếu l&agrave; windows 64 bit th&igrave; bạn chọn&nbsp;</p>\r\n\r\n<p style=\"margin-left:40px\"><span style=\"color:rgb(0, 0, 0)\">Windows x64 |&nbsp;140.06 MB |</span><span style=\"background-color:rgb(229, 229, 229); color:rgb(0, 0, 0)\">&nbsp;</span>jdk-7u79-windows-x64.exe</p>\r\n\r\n<p style=\"margin-left:40px\">click v&agrave; đường link v&agrave; tải về</p>\r\n\r\n<p><strong>Bước 3 tiến h&agrave;nh c&agrave;i đặt&nbsp;</strong></p>\r\n\r\n<p style=\"margin-left:40px\">Trước ti&ecirc;n bạn phải <strong>c&agrave;i đặt JDK </strong>trước nếu kh&ocirc;ng sẽ gặp lỗi.</p>\r\n\r\n<p style=\"margin-left:40px\">chạy file JDK vừa tải về&nbsp;</p>\r\n\r\n<p style=\"margin-left:40px\"><img alt=\"Cài đặt IDE netbeans phục vụ viết mã PHP\" src=\"http://hocwebsite.org/uploads/jdk-1.PNG\" style=\"width:80%\" /></p>\r\n\r\n<p style=\"margin-left:40px\">Nhấn <strong>Next</strong> để tiếp tục&nbsp;</p>\r\n\r\n<p style=\"margin-left:40px\"><img alt=\"Cài đặt IDE netbeans phục vụ viết mã PHP\" src=\"http://hocwebsite.org/uploads/jdk-2.PNG\" style=\"width:80%\" /></p>\r\n\r\n<p style=\"margin-left:40px\">Tiếp theo chọn&nbsp;<strong><span style=\"color:rgb(84, 84, 84)\">I&nbsp;</span>accept the terms<span style=\"color:rgb(84, 84, 84)\">&nbsp;in the&nbsp;</span>JUnit license agreement<span style=\"color:rgb(84, 84, 84)\">.</span>. Instal JUnit</strong>&nbsp;rồi nhấn <strong>Next</strong>&nbsp;</p>\r\n\r\n<p style=\"margin-left:40px\"><img alt=\"Cài đặt IDE netbeans phục vụ viết mã PHP\" src=\"http://hocwebsite.org/uploads/jdk-3.PNG\" style=\"width:80%\" /></p>\r\n\r\n<p style=\"margin-left:40px\">tiếp tục nhấn <strong>Next</strong>&nbsp;</p>\r\n\r\n<p style=\"margin-left:40px\"><img alt=\"Cài đặt IDE netbeans phục vụ viết mã PHP\" src=\"http://hocwebsite.org/uploads/jdk-4.PNG\" style=\"width:80%\" /></p>\r\n\r\n<p style=\"margin-left:40px\">chọn đường dẫn c&agrave;i đặt, ta để mặc định</p>\r\n\r\n<p style=\"margin-left:40px\"><img alt=\"Cài đặt IDE netbeans phục vụ viết mã PHP\" src=\"http://hocwebsite.org/uploads/jdk-5.PNG\" style=\"width:80%\" /></p>\r\n\r\n<p style=\"margin-left:40px\">nhấn <strong>Install</strong> để tiến h&agrave;nh c&agrave;i đặt&nbsp;</p>\r\n\r\n<p style=\"margin-left:40px\"><img alt=\"Cài đặt IDE netbeans phục vụ viết mã PHP\" src=\"http://hocwebsite.org/uploads/jdk-6.PNG\" style=\"width:80%\" /></p>\r\n\r\n<p style=\"margin-left:40px\">ta đợi cho qu&aacute; tr&igrave;nh c&agrave;i đặt diễn ra</p>\r\n\r\n<p style=\"margin-left:40px\"><img alt=\"Cài đặt IDE netbeans phục vụ viết mã PHP\" src=\"http://hocwebsite.org/uploads/jdk-7.PNG\" style=\"width:80%\" /></p>\r\n\r\n<p style=\"margin-left:40px\">c&agrave;i đặt xong JDK cho NETBEANS.</p>\r\n\r\n<p style=\"margin-left:40px\"><img alt=\"Cài đặt IDE netbeans phục vụ viết mã PHP\" src=\"http://hocwebsite.org/uploads/jdk-8.PNG\" style=\"width:80%\" /></p>\r\n\r\n<p style=\"margin-left:40px\">qu&aacute; tr&igrave;nh c&agrave;i đặt JDK th&agrave;nh c&ocirc;ng.</p>\r\n\r\n<p style=\"margin-left:40px\">Tiếp theo ta thực hiện <strong>c&agrave;i đặt NETBEANS</strong> ta chạy file c&agrave;i đặt đ&atilde; tải về&nbsp;</p>\r\n\r\n<p style=\"margin-left:40px\"><img alt=\"Cài đặt IDE netbeans phục vụ viết mã PHP\" src=\"http://hocwebsite.org/uploads/netbeans-1.PNG\" style=\"width:80%\" /></p>\r\n\r\n<p style=\"margin-left:40px\">tiếp theo nhấn <strong>Next</strong></p>\r\n\r\n<p style=\"margin-left:40px\"><img alt=\"Cài đặt IDE netbeans phục vụ viết mã PHP\" src=\"http://hocwebsite.org/uploads/netbeans-2.PNG\" style=\"width:80%\" /></p>\r\n\r\n<p style=\"margin-left:40px\">tiếp theo ta chọn<strong> I accept the term in the license agreement</strong> v&agrave; nhấn<strong> Next&nbsp;</strong></p>\r\n\r\n<p style=\"margin-left:40px\"><img alt=\"Cài đặt IDE netbeans phục vụ viết mã PHP\" src=\"http://hocwebsite.org/uploads/netbeans-3.PNG\" style=\"width:80%\" /></p>\r\n\r\n<p style=\"margin-left:40px\">chọn thư mục lưu chữ ta để mặc định rồi nhấn <strong>Next</strong>&nbsp;</p>\r\n\r\n<p style=\"margin-left:40px\"><img alt=\"Cài đặt IDE netbeans phục vụ viết mã PHP\" src=\"http://hocwebsite.org/uploads/netbeans-4.PNG\" style=\"width:80%\" /></p>\r\n\r\n<p style=\"margin-left:40px\">bỏ dấu t&iacute;ch <strong>Check for Updates</strong> v&agrave; nhần <strong>Install</strong>&nbsp;để bắt đầu c&agrave;i đặt&nbsp;</p>\r\n\r\n<p style=\"margin-left:40px\"><img alt=\"Cài đặt IDE netbeans phục vụ viết mã PHP\" src=\"http://hocwebsite.org/uploads/netbeans-5.PNG\" style=\"width:80%\" /></p>\r\n\r\n<p style=\"margin-left:40px\">ch&uacute;ng ta đợi cho qu&aacute; tr&igrave;nh c&agrave;i đặt diễn ra</p>\r\n\r\n<p style=\"margin-left:40px\"><img alt=\"Cài đặt IDE netbeans phục vụ viết mã PHP\" src=\"http://hocwebsite.org/uploads/netbeans-6.PNG\" style=\"width:80%\" /></p>\r\n\r\n<p style=\"margin-left:40px\">v&agrave; cuối c&ugrave;ng đ&atilde; c&agrave;i đặt th&agrave;nh c&ocirc;ng&nbsp;</p>\r\n\r\n<p style=\"margin-left:40px\"><img alt=\"Cài đặt IDE netbeans phục vụ viết mã PHP\" src=\"http://hocwebsite.org/uploads/netbeans-7.PNG\" style=\"width:80%\" /></p>\r\n\r\n<p style=\"margin-left:40px\">Vậy l&agrave; ch&uacute;ng ta đ&atilde; kết th&uacute;c chương 1, c&agrave;i đặt c&aacute;c phần mềm cần thiết để học lập tr&igrave;nh website PHP.</p>\r\n\r\n<p style=\"margin-left:40px\">&nbsp;</p>\r\n\r\n<p><strong>B&agrave;i học tiếp theo</strong>&nbsp;<a href=\"http://hocwebsite.org/khai-niem-va-thuc-hanh-html-css-va-javascript\">Kh&aacute;i niệm v&agrave; thực h&agrave;nh HTML, CSS v&agrave; JAVASCRIPT</a></p>\r\n',1,'1',1456328236,'netbeans.jpg'),(6,'khai-niem-ngon-ngu-php','Khái niệm ngôn ngữ PHP ','','<p>​dang xay dung...</p>\r\n\r\n<p style=\"text-align:justify\">&nbsp;</p>\r\n','<p style=\"text-align:justify\">​dang xay dung...</p>\r\n',1,'1',1455781800,'php.png'),(7,'cai-dat-localhost-voi-xampp-trong-10-phut','Cài đặt Localhost với Xampp trong 10 phút ','<iframe title=\"Cài đặt Localhost với Xampp\" width=\"100%\" height=\"480\" src=\"https://www.youtube.com/embed/LUZYxluVsFw\" frameborder=\"0\" allowfullscreen><p> Cài đặt Localhost với Xampp </p></iframe>','Cài đặt Server localhost với xampp, của khóa học lập trình website bằng ngôn ngữ PHP','<p style=\"text-align:justify\"><strong>Kh&aacute;i niệm đầu ti&ecirc;n</strong></p>\r\n\r\n<p style=\"text-align:justify\">Trước hết n&oacute;i về ng&ocirc;n ngữ&nbsp;PHP(<span style=\"color:rgb(37, 37, 37)\">Hypertext Preprocessor</span>) l&agrave; một ng&ocirc;n ngữ <strong>th&ocirc;ng dịch</strong>.</p>\r\n\r\n<p style=\"text-align:justify\">Tức l&agrave; thay v&igrave; chuyển đổi to&agrave;n bộ m&atilde; nguồn sang m&atilde; m&aacute;y rồi chứa v&agrave;o ổ đĩa cứng để c&oacute; thể thực thi ở lần chạy sau như ở ng&ocirc;n ngữ bi&ecirc;n dịch, th&igrave; ng&ocirc;n ngữ th&ocirc;ng dịch th&igrave; cứ khi n&agrave;o chạy chương tr&igrave;nh l&uacute;c đ&oacute; tr&igrave;nh th&ocirc;ng dịch sẽ hoạt động chuyển sang m&atilde; m&aacute;y v&agrave; đưa ra kết quả ngay. C&ocirc;ng việc n&agrave;y diễn ra tương tự ở lần chạy tiếp theo.</p>\r\n\r\n<p style=\"text-align:justify\">Về ưu điểm th&igrave; người lập tr&igrave;nh vẫn c&oacute; thể chạy chương tr&igrave;nh khi vẫn c&oacute; lỗi c&uacute; ph&aacute;p. Lỗi đến đ&acirc;u th&igrave; sẽ c&oacute; th&ocirc;ng b&aacute;o đến đ&oacute; v&agrave; bị dừng lại.&nbsp;</p>\r\n\r\n<p style=\"text-align:justify\">C&ograve;n về nhược điểm th&igrave; chương tr&igrave;nh chạy bằng tr&igrave;nh th&ocirc;ng dịch kh&ocirc;ng chạy nhanh bởi v&igrave; mỗi lần chạy đều mất th&ecirc;m một qu&aacute; tr&igrave;nh dịch sang m&atilde; m&aacute;y v&agrave; thực th&igrave;.&nbsp;</p>\r\n\r\n<p style=\"text-align:justify\">Cụ thể với ng&ocirc;n ngữ PHP mỗi lần gọi website th&igrave; tr&igrave;nh th&ocirc;ng dịch mới bắt đầu dịch sang m&atilde; m&aacute;y v&agrave; đưa kết qủa về cho tr&igrave;nh duyệt người d&ugrave;ng. V&agrave; ta gọi n&oacute; l&agrave; <strong>WebServer</strong>, nếu như Webserver c&agrave;i đặt ở m&aacute;y c&aacute; nh&acirc;n của bạn th&igrave; n&oacute; gọi l&agrave; Localhost. Vậy <strong>Localhost</strong> ch&iacute;nh l&agrave; một Webserver nằm ở m&aacute;y t&iacute;nh c&aacute; nh&acirc;n của bạn v&agrave; đ&oacute;ng vai tr&ograve; như một tr&igrave;nh th&ocirc;ng dịch n&oacute; chứa c&aacute;c ứng dụng APACHE, MYSQL, PHP, PHPMYADMIN, ...</p>\r\n\r\n<p style=\"text-align:justify\">Phần mềm tạo Localhost th&ocirc;ng dụng tr&ecirc;n Windows hiện nay l&agrave; <strong>XAMPP</strong>, WAMP hay APPSERVER.</p>\r\n\r\n<p style=\"text-align:justify\">Tuy nhi&ecirc;n m&igrave;nh khuyến kh&iacute;ch c&aacute;c bạn n&ecirc;n d&ugrave;ng XAMPP v&igrave; phần mềm n&agrave;y tương đối đơn giản để sử dụng.</p>\r\n\r\n<p style=\"text-align:justify\"><strong>C&agrave;i đặt XAMPP</strong></p>\r\n\r\n<ol>\r\n	<li style=\"text-align:justify\">Đầu ti&ecirc;n bạn cần tải XAMPP về m&aacute;y ở <a href=\"https://www.apachefriends.org/download.html\" target=\"_blank\">đ&acirc;y</a>&nbsp;&nbsp;</li>\r\n	<li style=\"text-align:justify\">Sau đ&oacute; bạn c&agrave;i đặt b&igrave;nh thường.</li>\r\n	<li style=\"text-align:justify\">V&agrave; <strong>Start</strong> Apache với Mysql.</li>\r\n	<li style=\"text-align:justify\"><span style=\"color:rgb(0, 0, 0)\">​Sau đ&oacute; bạn thử truy cập v&agrave;o website <a href=\"http://localhost\">http://localhost&nbsp;</a></span></li>\r\n</ol>\r\n\r\n<p style=\"text-align:justify\"><strong>Nếu gặp lỗi&nbsp;</strong></p>\r\n\r\n<p style=\"text-align:justify\">Th&igrave; lỗi do xung đột cổng bạn c&oacute; thể đổi cổng 80 th&agrave;nh cổng kh&aacute;c, v&iacute; dụ th&agrave;nh 8686. V&agrave; đổi cổng 443 th&agrave;nh 4444 chẳng hạn.</p>\r\n\r\n<p style=\"text-align:justify\">L&uacute;c n&agrave;y bạn cần truy cập theo đường dẫn <a href=\"http://http://localhost:8686\">http://localhost:8686</a>&nbsp;l&agrave; được.</p>\r\n\r\n<p style=\"text-align:justify\"><strong>B&agrave;i học tiếp theo&nbsp;</strong><a href=\"http://hocwebsite.org/cai-dat-ide-netbeans-phuc-vu-viet-ma-php\">C&agrave;i đặt NETBEANS IDE&nbsp;phục vụ viết m&atilde; PHP</a></p>\r\n',1,'1',1456294608,'xampp.png'),(8,'quan-tri-server-linux','Quản trị SERVER LINUX','','<p>Đang x&acirc;y dựng ...</p>\r\n','<p>Đang x&acirc;y dựng ...</p>\r\n',1,'1',1455771256,'server-linux.jpg'),(9,'quan-ly-sub-version-voi-git','Quản lý SUB VERSION với GIT ','','<p>Đang x&acirc;y dựng ...</p>\r\n','<p>Đang x&acirc;y dựng ...</p>\r\n',1,'1',1455771354,'github.png'),(10,'sao-luu-va-phuc-hoi-du-lieu-bao-tri-server','Sao lưu và phục hồi dữ liệu bảo trì SERVER ','','<p>Đang x&acirc;y dựng ...</p>\r\n','<p>Đang x&acirc;y dựng ...</p>\r\n',1,'1',1455771523,'saoluudulieu.gif'),(11,'kiem-soat-truy-cap-va-chong-tan-cong-ddos','Kiểm soát truy cập  và chống tấn công DDOS ','','<p>Đang x&acirc;y dựng ...</p>','<p>Đang x&acirc;y dựng ...</p>\r\n',1,'1',1456327387,'ddos.jpg'),(12,'lap-trinh-huong-doi-tuong-oop-cac-khai-niem-interface-va-abstract','Lập trình hướng đối tượng (OOP) các khái niệm INTERFACE và ABSTRACT','','<p>Đang x&acirc;y dựng ...</p>','<p>Đang x&acirc;y dựng ...</p>\r\n',1,'2',1455860354,'OOP_Objects.png'),(13,'seo-toi-uu-hoa-cong-cu-tim-kiem','SEO tối ưu hóa công cụ tìm kiếm ','đang xây dựng ','Kỹ thuật tối ưu hóa SEO, các cách SEO, các công cụ phục vụ cho SEO','<p>Đang x&acirc;y dựng&nbsp;</p>\r\n',1,'1',1456215842,'SEO.png');
/*!40000 ALTER TABLE `book` ENABLE KEYS */;
UNLOCK TABLES;

--
-- Table structure for table `branch`
--

DROP TABLE IF EXISTS `branch`;
/*!40101 SET @saved_cs_client     = @@character_set_client */;
/*!40101 SET character_set_client = utf8 */;
CREATE TABLE `branch` (
  `id` int(11) NOT NULL AUTO_INCREMENT,
  `name` varchar(128) COLLATE utf8_unicode_ci NOT NULL,
  `address` varchar(1024) COLLATE utf8_unicode_ci NOT NULL,
  `create_at` time NOT NULL,
  PRIMARY KEY (`id`)
) ENGINE=InnoDB DEFAULT CHARSET=utf8 COLLATE=utf8_unicode_ci;
/*!40101 SET character_set_client = @saved_cs_client */;

--
-- Dumping data for table `branch`
--

LOCK TABLES `branch` WRITE;
/*!40000 ALTER TABLE `branch` DISABLE KEYS */;
/*!40000 ALTER TABLE `branch` ENABLE KEYS */;
UNLOCK TABLES;

--
-- Table structure for table `dichvu`
--

DROP TABLE IF EXISTS `dichvu`;
/*!40101 SET @saved_cs_client     = @@character_set_client */;
/*!40101 SET character_set_client = utf8 */;
CREATE TABLE `dichvu` (
  `dichvu_id` int(11) NOT NULL AUTO_INCREMENT,
  `dichvu_tieude` text COLLATE utf8_unicode_ci NOT NULL,
  `dichvu_anh` text COLLATE utf8_unicode_ci NOT NULL,
  `dichvu_noidung` text COLLATE utf8_unicode_ci NOT NULL,
  `dichvu_ngaylap` timestamp NOT NULL DEFAULT CURRENT_TIMESTAMP ON UPDATE CURRENT_TIMESTAMP,
  PRIMARY KEY (`dichvu_id`)
) ENGINE=InnoDB AUTO_INCREMENT=2 DEFAULT CHARSET=utf8 COLLATE=utf8_unicode_ci;
/*!40101 SET character_set_client = @saved_cs_client */;

--
-- Dumping data for table `dichvu`
--

LOCK TABLES `dichvu` WRITE;
/*!40000 ALTER TABLE `dichvu` DISABLE KEYS */;
INSERT INTO `dichvu` VALUES (1,'sadsad','#','ádasdsadasdasd','2016-05-20 10:31:19');
/*!40000 ALTER TABLE `dichvu` ENABLE KEYS */;
UNLOCK TABLES;

--
-- Table structure for table `gioithieu`
--

DROP TABLE IF EXISTS `gioithieu`;
/*!40101 SET @saved_cs_client     = @@character_set_client */;
/*!40101 SET character_set_client = utf8 */;
CREATE TABLE `gioithieu` (
  `gioithieu_id` int(11) NOT NULL AUTO_INCREMENT,
  `gioithieu_tieude` text COLLATE utf8_unicode_ci NOT NULL,
  `gioithieu_noidung` text COLLATE utf8_unicode_ci NOT NULL,
  PRIMARY KEY (`gioithieu_id`)
) ENGINE=InnoDB AUTO_INCREMENT=5 DEFAULT CHARSET=utf8 COLLATE=utf8_unicode_ci;
/*!40101 SET character_set_client = @saved_cs_client */;

--
-- Dumping data for table `gioithieu`
--

LOCK TABLES `gioithieu` WRITE;
/*!40000 ALTER TABLE `gioithieu` DISABLE KEYS */;
INSERT INTO `gioithieu` VALUES (1,'LỊCH SỬ HÌNH THÀNH VÀ PHÁT TRIỂN TRUNG TÂM CHUYỂN GIAO THIẾT BỊ CÔNG NGHỆ VÀ PHÁT TRIỂN TÀI NGUYÊN VIỆT NAM ',' <p>Trung tâm Thiết kế, chế tạo và chuyển giao Máy Thiết bị Công nghệ Trí Việt đã được ra đời và phát triển gắn liền với các hoạt động giảng dạy, nghiên cứu khoa học và chuyển giao thiết bị công nghệ của GVC.ThS. Nguyễn Văn Quang và các cộng sự. Trong hoạt động giảng dạy “thầy Quang” đã “truyền được cảm hứng” đến các họa trò của mình, trong hoạt động nghiên cứu khoa học “thầy Quang” đã có nhiều “đột phá” trong các đề tài, dự án từ cấp cơ sở, cấp tỉnh đến cấp Bộ trong các lĩnh vực là định hướng nghiên cứu khoa học chính của mình như: sản xuất, chưng cất rượu, tinh dầu, chiết xuất dược liệu, sấy nông sản và dược liệu, xử lý khí thải, thu hồi nhiệt thải, mô hình hóa các quá trình công nghệ, ... Năm 2014, “thầy Quang” đã đạt giải nhì Hội nghị Khoa học trẻ toàn quốc các trường Đại học và Cao đẳng khối Nông - Lâm - Ngư - Thủy lần thứ VI. Các hoạt động giảng dạy và nghiên cứu khoa học của “thầy Quang” là tiền đề để thầy phát triển các hoạt động chuyển giao thiết bị công nghệ trong nước với nhiều “thành tích ấn tượng” mà trong các trang chuyên mục về các sản phẩm thầy đã nói.</p>\r\n                <p>Câu chuyện về cuộc đời “thầy Quang” là một chuỗi dài “gian khó” với nhiều “biến cố” trong cuộc đời để đưa thầy đến với “nghiệp” và “nghề”. Cái “nghiệp” là một “duyên nợ” của cuộc đời thầy! Thầy đã từng bước lên bụt giảng của trường Đại học Nông Lâm Bắc Giang khi mới tốt nghiệp Đại học Bách Khoa Hà Nội năm 2003 đã để lại rất nhiều tình cảm cho thầy và trò của Nhà trường. Nhưng rồi thầy lại phải rời bỏ bụt giảng để làm các công trình thiết bị công nghệ trong và ngoài nước. Năm 2009, thầy lại trở lại bụt giảng của trường Đại học Nông - Lâm Bắc Giang trong nỗi niềm hân hoan của thầy và trò Nhà trường. Với những trải nghiệm thực tiễn trong việc triển khai thiết bị công nghệ thầy đã đâò tạo được rất nhiều học trò có cả “chữ” và “người”. Đó là cái “nghiệp” của thầy! Cái “nghề” đến với thầy như một “định mệnh” của cuộc đời thầy! Thầy “không có sự chọn lựa”, thầy “phải làm, phải thành công”, đó là “con đường duy nhất” để thầy có thể vượt qua được những “bước ngoặc” của cuộc đời. Thầy cứ “từng bước”, ‘từng bước” vượt qua hết những chặng đường “gian khó” và những ”biến cố” trong cuộc đời đi từ “thành công này” đến “thành công khác”, “bản lĩnh”, “kinh nghiệm”, “kiến thức” của thầy được tôi luyện nhiều hơn qua mỗi công trình thiết bị công nghệ! Đó là cài “nghề” của thầy!</p>\r\n                <p>Những năm tháng “trăn trở” với “nghiệp” và “lăn lộn” với “nghề” thầy đã có được rất nhiều người thân, bạn bè, đồng nghiệp, học trò, những người thợ lành nghề và những cộng sự “chân tình”, “đắc lực” giúp đỡ, tiếp sức cho những “chặng đường lịch sử” của thầy! Đó là tài sản lớn nhất của cuộc đời thầy, nó là động lực để thầy vươn đến những “mục tiêu” lớn hơn, xa hơn trong cuộc đời thầy.</p>\r\n                <p>Sự ra đời của Trung tâm Chuyển giao Thiết bị Công nghệ và Phát triển Tài nguyên Việt Nam là sự “kết tinh” của “trí”, “lực” và “tâm” của thầy, là sự “hội tụ” của nhiều con người có cùng “một cách nghĩ”, “môt cách làm”, “một cái đích”, “một niềm đam mê”, “một tình yêu” trong cuộc đời này!</p> \r\n\r\n                <br />\r\n                <h4 class=\"text-right\">Tác giả\r\n                    GVC.ThS. Nguyễn Văn Quang</h4>\r\n                <br />\r\n                <br />'),(2,'HỆ THỐNG DÂY CHUYỀN THIẾT BỊ VÀ CÔNG NGHỆ CHƯNG CẤT TINH DẦU VÀ CHIẾT XUẤT DƯỢC LIỆU CHẤT LƯỢNG CAO',' <p><span class=\"lead\">I. Quá trình phát triển sản phẩm</span> <br />\r\n                    Hệ thống dây chuyền thiết bị công nghệ này được tác giả kế thừa phát triển trên nền tảng cấu trúc của hệ thống tháp chưng cất rượu mà tác giả đã triển khai thành công cho nhiều đơn vị, tổ chức, cá nhân trong nước từ năm 2009 cho đến nay. Tác giả đã có nhiều đóng góp cho việc cải tạo thiết bị và công nghệ trong quá trình sản xuất, xây dựng dự án chưng cất tinh dầu - chiết xuất dược liệu ở các tỉnh Yên Bái, Quãng Ngãi, Thanh Hóa, Quảng Ninh, Nam Định. Trong đó, phải kể đến việc ứng dụng hệ thống tháp chưng cất tinh dầu và chiết xuất dược liệu theo phương pháp chưng cất hồi lưu. <br />\r\n                    Một số công trình thiết bị và công nghệ tiêu biểu của GVC.ThS. Nguyễn Văn Quang đã triển khai liên quan đến sản phẩm “Hệ thống Dây chuyền Thiết bị và Công nghệ chưng cất tinh dầu và chiết xuất dược liệu chất lượng cao”:\r\n                </p>\r\n                <p> 1. Thiết kế, chế tạo hệ thống tháp chưng cất rượu, tinh dầu và chiết xuất dược liệu cho Gv.Ks. NCS. Nguyễn Xuân Bang, Trường Đại học Nông nghiệp Hà Nội (Triển khai thi công lắp đặt thiết bị và chuyển giao công nghệ tại Sở Nông nghiệp & Phát triển Nông thôn tỉnh Quảng Ninh), năm 2011;  <br />\r\n                    2. Thiết kế, chế tạo hệ thống tháp chưng cất tinh dầu và chiết xuất dược liệu chất lượng cao cho làm mô hình cho Trung tâm Thiết kế, chế tạo và chuyển giao Thiết bị Công nghệ cao Việt Nam (Số 196, Thân Nhân Trung, Bích Động, Việt Yên, Bắc Giang), năm 2013;  <br />\r\n                    3. Thiết kế, chế tạo hệ thống tháp chưng cất tinh dầu nghệ và chiết xuất Cucurmin từ củ nghệ đỏ cho Công ty Cổ phần Nghệ Việt (Nông trường Thạch Quảng, Thạch Thành, Thanh Hóa), năm 2013; <br />\r\n                    4. Cải tạo nồi cô đặc chân không thành hệ thống tháp chưng cất tinh dầu và chiết xuất dược liệu cho đề tài nghiên cứu cấp cơ sở, Khoa Công nghệ Thực phẩm - Trường Đại học Nông - Lâm Bắc Giang, năm 2014; <br />\r\n                    5. Thiết kế, chế tạo nồi chưng cất tinh dầu và chiết xuất dược liệu cho Công ty TNHH Cơ khí - Thương mại Linkon (Thị trấn Đông Anh, Huyện Đông Anh, Hà Nội), năm 2015; <br />\r\n                    6. Thiết kế, chế tạo tháp chưng luyện phân đoạn tách tạp các sản phẩm rượu truyền thống chất lượng cao, chưng cất tính dầu và trích ly các hợp chất thiên nhiên cho ông Nguyễn Văn Thành (thị trấn Lim, tỉnh Bắc Ninh), năm 2015. <br />\r\n                </p>\r\n                <p><span class=\"lead\">II. Tính mới và tính sáng tạo của sản phẩm</span> <br />\r\n                    Sản phẩm “Hệ thống Dây chuyền Thiết bị và Công nghệ chưng cất tinh dầu và chiết xuất dược liệu chất lượng cao” ra đời dựa trên việc kế thừa và phát triển nền tảng cấu trúc của hệ thống tháp chưng cất rượu mà tác giả đã nói ở trên. Việc ứng dung hệ thống tháp chưng cất này vào quá trình chưng cất tinh dầu có thể tách triệt để thủy phần (nước) trong sản phẩm và có thể tách phân đoạn từng chất trong sản phẩm tinh dầu. Với quá trình chiết xuất dược liệu thì có thể tách được cả tinh dầu và chiết xuất chất hòa tan với lượng dung môi sử dung cho quá trình chiết xuất ít nhờ vào quá trinh hồi lưu trong chưng cất. Như vậy, việc ứng dụng sản phẩm này vào quá trình chưng cất tinh dầu và chiết xuất dược liệu cho phép ta nâng cao được chất lượng sản phẩm đầu ra nhờ vào việc tách các tạp chất và tinh khiết hóa sản phẩm, thành phần các chất trong sản phẩm. Mặt khác, việc ứng dụng sản phẩm này cho phép tiết kiệm được chi phí sản xuất nhờ vào việc tối ưu hóa chi phí sử dụng năng lương, dung môi, nước và vận hành sản xuất.\r\n                </p>\r\n                <p><span class=\"lead\">III. Năng suất, chất lượng, mẫu mã và hiệu quả kinh tế xã hội của sản phẩm</span> <br />\r\n                    Sản phẩm “Hệ thống Dây chuyền Thiết bị và Công nghệ chưng cất tinh dầu và chiết xuất dược liệu chất lượng cao” với những ưu điểm nổi bật như tôi đã phân tích ở phần II này cho phép phát huy những ưu điểm của nó với quy mô sản xuất nhỏ, vừa và lớn và đặt biệt là khi chưng cất tinh dầu với yêu cầu độ tinh khiết cao (thủy phần (nước)) ít hay tách các thành phần (chất, hợp chất) trong tinh dầu thô; chiết xuất các dược liệu có nhiều thành phần hóa học bao gồm cả các chất, hợp chất bay hơi (tinh dầu) và các chất, hợp chất hòa tan. \r\n                    Hệ thống tháp chưng cất trong sản phẩm này có thể thiết kế, chế tạo phù hợp với dung tích chưng cất tinh dầu và chiết xuất dược liệu từ 100 lít/mẻ đến 3.000 lít/mẻ. Các thiết bị trong sản phẩm này có mẫu mã đẹp, được chế tạo chủ yếu bằng vật liệu SUS304 và được trang bị hệ thống điện điều khiển tự động hoàn toàn. Sản phẩm này ra đời mang lại hiệu quả kinh tế cho nhiều cá nhân và đơn vị áp dụng.\r\n                </p>\r\n                <p><span class=\"lead\">IV. Sự thân thiện với môi trường và đảm bảo an toàn cho người sử dụng</span> <br />\r\n                    Sản phẩm “Hệ thống Dây chuyền Thiết bị và Công nghệ chưng cất tinh dầu và chiết dược liệu chất lượng cao” như đã phân tích ở phần II, có thể nói nó hoàn toàn thân thiện với môi trường và đảm bảo an toàn cho người sử dụng với các ưu điểm là tiết kiệm năng lượng, tài nguyên nước do được thu hồi nhiệt thải và tuần hoàn nước giải nhiệt, có thể sử dụng năng lượng sinh học, mặt trời và gió và sản phẩm được trang bị hệ thống điện điều khiển tự động hoàn toàn hạn chế tối đa các sự cố về điện, cháy, nổ và quá nhiệt.\r\n                </p>\r\n                <p><span class=\"lead\">V. Các giải pháp bảo vệ quyền lợi và khuyến khích người tiêu dùng tiêu thụ sản phẩm</span> <br />\r\n                    Sản phẩm “Hệ thống Dây chuyền Thiết bị và Công nghệ chưng cất tinh dầu và chiết xuất dược liệu chất lượng cao” có độ bền trung bình đối với các hạng mục thiết bị chính như nồi hơi, hệ thống tháp chưng cất, nối chưng cất đơn giản trên 30 năm và được bảo hành toàn bộ sản phẩm từ 1 năm đến 3 năm tùy vào đơn đặt hàng của cá nhân và đơn vị và được hỗ trợ kỹ thuật và công nghệ trong suốt thời gian sử dụng.\r\n\r\n                </p>\r\n\r\n                <br />\r\n                <h4 class=\"text-right\">Tác giả\r\n                    GVC.ThS. Nguyễn Văn Quang</h4>\r\n                <br />\r\n                <br />'),(3,'HỆ THỐNG DÂY CHUYỀN THIẾT BỊ VÀ CÔNG NGHỆ SẢN XUẤT RƯỢU TRUYỀN THỐNG CHẤT LƯỢNG CAO',' <p><span class=\"lead\"> I. Quá trình phát triển sản phẩm</span> <br /> \r\n                    Năm 2009, GVC.ThS. Nguyễn Văn Quang cùng với PGS.TS. Nguyễn Đình Thưởng thi công sửa chữa dây chuyền thiết bị nấu, lên men và hệ thống 4 tháp chưng cất liên tục để sản xuất rượu Volka với quy mô công nghiệp có năng suất khoảng 10.000 lít rượu/ngày cho Công ty Cổ phần Bagico. GVC.ThS, Nguyễn Văn Quang đã nhận thấy những nhược điểm của hệ thống dây chuyền thiết bi sản xuất rượu này đang được áp dụng rộng rãi trong các nhà máy sản xuất rượu của nước ta, đó là: chi phí đầu tư thiết bị ban đầu lớn, vận hành thiết bị khó khăn, cấu tạo, cấu trúc thiết bị và triển khai công nghệ sản xuất phức tạp, sản phẩm rượu đạt được tiêu chuẩn rượu trắng trong nước theo quy định hiện hành nhưng lại làm mất đi hương vị của rượu truyền thống. Những nhược điểm này làm cho hệ thống dây chuyền thiết bị sản xuất rượu trên rất khó có thể áp dụng ở quy mô vừa và nhỏ và sản xuất được sản phẩm rượu truyền thống chất lượng cao. \r\n                    Đứng trước những khó khăn về thiết bị và công nghệ sản xuất rượu truyền thống chất lượng cao này GVC.ThS. Nguyễn Văn Quang đã thiết kế, chế tạo và triển khai công nghệ thành công với sản phẩm “Hệ thống Dây chuyền Thiết bị và Công nghệ sản xuất rượu truyền thống chất lượng cao” nhờ vào việc cải tiến phương pháp chưng cất, cấu trúc của tháp chưng cất và công nghệ nấu, lên men, chưng cất, chiết xuất, tách và thu hồi các hợp chất có trong sản phẩm lên men rượu. <br />\r\n                    Một số công trình thiết bị và công nghệ tiêu biểu của GVC.ThS. Nguyễn Văn Quang đã triển khai liên quan đến sản phẩm “Hệ thống Dây chuyền Thiết bị và Công nghệ sản xuất rượu truyền thống chất lượng cao”:\r\n                </p>\r\n                <p>1. Thiết kế, chế tạo hệ thống nghiền, nấu, lên men và tháp chưng luyện rượu truyền thống chất lượng cao cho Gv.Ks. NCS. Nguyễn Xuân Bang, Trường Đại học Nông nghiệp Hà Nội (Triển khai thi công lắp đặt thiết bị và chuyển giao công nghệ tại Sở Nông nghiệp & Phát triển Nông thôn tỉnh Quảng Ninh), năm 2011;  <br />\r\n                    2. Thiết kế, chế tạo hệ thống tháp chưng luyện rượu truyền thống chất lượng cao cho làm mô hình cho Trung tâm Thiết kế, chế tạo và chuyển giao Thiết bị Công nghệ cao Việt Nam (Số 196, Thân Nhân Trung, Bích Động, Việt Yên, Bắc Giang), năm 2011;  <br />\r\n                    3. Thiết kế, chế tạo hệ thống dây chuyền thiết bị nấu, lên men, lọc đáy bằng, lắng xoáy, tháp màng, tháp chưng luyện phân đoạn tách tạp các sản phẩm rượu truyền thống chất lượng cao, trích ly các hợp chất thiên nhiên và chuyển giao công nghệ sản xuất rượu nếp cái hoa vàng cho Công ty TNHH Cơ khí - Thương mại Linkon (Thị trấn Đông Anh, Huyện Đông Anh, Hà Nội), năm 2012; <br />\r\n                    4. Thiết kế, chế tạo thiết bị nghiền, nấu, lên men và chưng cất rượu truyền thống cho anh Lê Đức Thành (Phường Chăm Mát, Thành phố Hòa Bình), năm 2013; <br />\r\n                    5. Thiết kế, chế tạo tháp chưng luyện phân đoạn tách tạp các sản phẩm rượu truyền thống và trích ly các hợp chất thiên nhiên cho anh Nguyễn Văn Long (Trường Quân sự Quân khu 3, Chí Linh, Sao Đỏ, Hải Dương), năm 2013; <br />\r\n                    6. Thiết kế, chế tạo hệ thống dây chuyền thiết bị nấu, lên men, tháp chưng luyện phân đoạn tách tạp các sản phẩm rượu truyền thống chất lượng cao, chiết xuất Cucurmin từ củ nghệ đỏ và chuyển giao công nghệ sản xuất rượu nghệ cho Công ty Cổ phần Nghệ Việt (Nông trường Thạch Quảng, Thạch Thành, Thanh Hóa), năm 2013; <br />\r\n                    7. Cải tạo nồi cô đặc chân không thành hệ thống tháp chưng cất rượu Brandy vải thiều cho đề tài nghiên cứu cấp cơ sở, Khoa Công nghệ Thực phẩm - Trường Đại học Nông - Lâm Bắc Giang, năm 2014; <br />\r\n                    8. Thiết kế, chế tạo tháp chưng luyện phân đoạn tách tạp các sản phẩm rượu truyền thống chất lượng cao và trích ly các hợp chất thiên nhiên cho Công ty TNHH Rượu Cát Linh (Tiên Phương, Chương Mỹ, Hà Nội), năm 2014; <br />\r\n                    9. Chuyên gia Thiết bị và Công nghệ triển khai toàn bộ dự án khoa học công nghệ cấp tỉnh của tỉnh Thanh Hóa “Ứng dụng công nghệ để hoàn thiện dây chuyền sản xuất và nâng cao chất lượng rượu truyền thống “Nếp cái hoa vàng Dạ Lan” tại tỉnh Thanh Hóa” cho Công ty Cổ phần Dạ Lan (Số 1, Phan Chu Trinh, P. Điện Biên, Tp. Thanh Hóa; Nhà máy sản xuất: KCN Hoàng Long, Tp. Thanh Hóa), năm 2014-2015; <br />\r\n                    10. Thiết kế, chế tạo tháp chưng luyện phân đoạn tách tạp các sản phẩm rượu truyền thống chất lượng cao và trích ly các hợp chất thiên nhiên cho ông Nguyễn Văn Thành (thị trấn Lim, tỉnh Bắc Ninh), năm 2015; <br />\r\n                    11. Chuyên gia Thiết bị và Công nghệ triển khai toàn bộ dự án khoa học công nghệ cấp tỉnh của tỉnh Hà Giang “Quy hoạch phát triển ngành rượu - bia - nước giải khát tỉnh Hà Giang đến năm 2020, xét đến năm 2025” cho Sở Công Thương tỉnh Hà Giang, năm 2015; <br />\r\n                    12. Chuyên gia Thiết bị và Công nghệ triển khai toàn bộ dự án thiết kế, chế tạo và chuyển giao công nghệ sản xuất rượu ngô men lá cho Công ty Cổ phần Rượu Bia Hà Giang “Quy hoạch phát triển ngành rượu - bia - nước giải khát tỉnh Hà Giang đến năm 2020, xét đến năm 2025” cho Sở Công Thương tỉnh Hà Giang, năm 2015. <br />\r\n                </p>\r\n                <p><span class=\"lead\">II. Tính mới và tính sáng tạo của sản phẩm</span> <br /> \r\n                    Sản phẩm “Hệ thống Dây chuyền Thiết bị và Công nghệ sản xuất rượu truyền thống chất lượng cao” ra đời dựa trên việc cải tiến phương pháp chưng cất, cấu trúc của tháp chưng cất và công nghệ nấu, lên men, chưng cất, chiết xuất, tách và thu hồi các hợp chất có trong sản phẩm lên men rượu nên có chi phí đầu tư thiết bị ban đầu nhỏ, vận hành thiết bị dễ dàng, cấu tạo và cấu trúc thiết bị và triển khai công nghệ sản xuất đơn giản, sản phẩm rượu đạt tiêu chuẩn chất lượng rượu trắng trong nước theo quy định hiện hành mà vẫn giữ được hương vị của rượu truyền thống. Sự ra đời của sản phẩm khoa học công nghệ này không những đã khắc phục được các nhược điểm về kỹ thuật của các hệ thống dây chuyền thiết bị sản xuất rượu Volka công nghiệp trước đó và thủ công mà nó còn đáp ứng được mục tiêu áp dụng rộng rãi cho các cơ sở sản xuất rượu truyền thống hộ gia đình và công nghiệp với quy mô vừa và nhỏ vì có chi phí đầu tư ban đầu nhỏ, cấu trúc thiết bị và triển khai công nghệ đơn giản, vận hành thiết bị dễ dàng, chi phí sản xuất thấp, chất lượng sản phẩm cao phù hợp với thực trạng tình hình sản xuất rượu trong nước có số hộ gia đình sản xuất rượu truyền thống rất nhiều và ẩm thực về rượu của dân tộc. \r\n                    Hệ thống tháp chưng cất trong sản phẩm này chỉ sử dụng 1 tháp có chiều cao thân tháp khoảng 4m đến 6m. Thân tháp được tích hợp nhiều cấu trúc tháp khác nhau như: đệm, đĩa lỗ xuyên tâm, đĩa chóp, hoặc màng nên thuận lợi cho quá trình gia công cơ khí đối với các thân tháp có kích thước nhỏ. Hệ thống tháp chưng cất này có kết cấu đơn giản, tiến hành được nhiều quá trình công nghệ như: chưng cất, chiết xuất, tách và thu hồi các hợp chất có trong sản phẩm lên men và nó cũng được trang bị các bộ phận, thiết bị theo dõi, điều khiển tự động về mức, áp suất, nhiệt độ đa điểm nên rất thuận lợi cho quá trình sản xuất các sản phẩm rượu truyền thống khác nhau và việc vận hành thiết bị, nó cho phép chuẩn hóa được quá trình sản xuất. Mặt khác, hệ thống tháp chưng cất này được thu hồi nhiệt thải, tuần hoàn nước giải nhiệt và có thể trang bị thêm được hệ thống năng lượng mặt trời, gió và sinh học. Trong khi đó các hệ thống tháp chưng cất đang được áp dụng rộng rãi trong các nhà máy sản xuất rượu của nước ta thường từ 4 tháp trở lên có chiều cao trên dưới 20m, thân tháp có cấu trúc thân tháp là đĩa chóp có ống chảy chuyền nên rất khó khăn cho việc vận hành thiết bị và gia công cơ khí. Các hệ thống tháp chưng cất này chỉ có thể tiến hành 1 quá trình chưng cất nối tiếp qua các tháp cao, sản phẩm của quá trình là cồn cao độ khoảng 96 %Vol với hàm lượng tạp thấp nhưng đó cũng là nhược điểm làm cho sản phẩm mất đi hương vị rượu truyền thống và không thể tiến hành chưng cất được các dòng rượu truyền thống khác nhau như rượu nếp cái hoa vàng, rượu nghệ, rượu thảo dược và hoa quả khác.\r\n                </p>\r\n                <p><span class=\"lead\">III. Năng suất, chất lượng, mẫu mã và hiệu quả kinh tế xã hội của sản phẩm</span> <br /> \r\n                    Sản phẩm “Hệ thống Dây chuyền Thiết bị và Công nghệ sản xuất rượu truyền thống chất lượng cao” với những ưu điểm nổi bật như tôi đã phân tích ở phần II này cho phép phát huy những ưu điểm của nó với quy mô sản xuất vừa và nhỏ và đặt biệt là sản xuất các dòng rượu truyền thống như: rượu trắng, rượu nếp cái hoa vàng, rượu nghệ, rượu thảo dược và hoa quả khác. \r\n                    Hệ thống tháp chưng cất trong sản phẩm này có thể thiết kế, chế tạo phù hợp với năng suất trong khoảng từ 100 lít/ngày đến 3.000 lít/ngày. Các thiết bị trong sản phẩm này có mẫu mã đẹp, được chế tạo chủ yếu bằng vật liệu SUS304 và được trang bị hệ thống điện điều khiển tự động hoàn toàn quá trình nấu, lên men, chưng cất, chiết xuất, tách và thu hồi các hợp chất có trong sản phẩm lên men rượu. Sản phẩm này ra đời mang lại hiệu quả kinh tế cho nhiều cá nhân và đơn vị áp dụng vì nó cho ra sản phẩm rượu truyền thống chất lượng cao. Đặc biệt là các đơn vị sản xuất các dòng rượu truyền thống như rượu nếp cái hoa vàng và rượu nghệ, nó mang lại giá trị thương phẩm cao từ các sản vật nông nghiệp vùng, miền và tận dụng được các phế phẩm của các quá trình chế biến khác như rượu nghệ đã được làm từ một phần bã nghệ sau quá trình sản xuất bột nghệ và chiết xuất Cucurmin.\r\n                </p>\r\n                <p><span class=\"lead\"> IV. Sự thân thiện với môi trường và đảm bảo an toàn cho người sử dụng</span> <br /> \r\n                    Sản phẩm “Hệ thống Dây chuyền Thiết bị và Công nghệ sản xuất rượu truyền thống chất lượng cao” như đã phân tích ở phần II, có thể nói nó hoàn toàn thân thiện với môi trường và đảm bảo an toàn cho người sử dụng với các ưu điểm là tiết kiệm năng lượng, tài nguyên nước do được thu hồi nhiệt thải và tuần hoàn nước giải nhiệt, có thể sử dụng năng lượng sinh học, mặt trời và gió và sản phẩm được trang bị hệ thống điện điều khiển tự động hoàn toàn quá trình nấu, lên men, chưng cất, chiết xuất, tách và thu hồi các hợp chất có trong sản phẩm lên men rượu hạn chế tối đa các sự cố về điện, cháy, nổ và quá nhiệt.\r\n                </p>\r\n                <p><span class=\"lead\"> V. Các giải pháp bảo vệ quyền lợi và khuyến khích người tiêu dùng tiêu thụ sản phẩm</span> <br /> \r\n                    Sản phẩm “Hệ thống Dây chuyền Thiết bị và Công nghệ sản xuất rượu truyền thống chất lượng cao” có độ bền trung bình đối với các hạng mục thiết bị chính như nồi hơi, hệ thống tháp chưng cất, nối chưng cất đơn giản trên 30 năm và được bảo hành toàn bộ sản phẩm từ 1 năm đến 3 năm tùy vào đơn đặt hàng của cá nhân và đơn vị và được hỗ trợ kỹ thuật và công nghệ trong suốt thời gian sử dụng.\r\n                </p>\r\n\r\n                <br />\r\n                <h4 class=\"text-right\">Tác giả\r\n                    GVC.ThS. Nguyễn Văn Quang</h4>\r\n                <br />\r\n                <br />'),(4,'Một số công trình thiết bị công nghệ tiêu biểu thầy Quang đã triển khai thành  công cho các cơ quan, đơn vị, doanh nghiệp và cá nhân:','<h4>I. Các công trình thiết bị công nghệ sản xuất rượu chất lượng cao, chưng cất tinh dầu\r\n\r\nvà chiết xuất dược liệu</h1><br>\r\n\r\n1. Thiết kế, chế tạo hệ thống dây chuyền thiết bị công nghệ nghiền, nấu, lên men và tháp\r\n\r\nchưng luyện rượu truyền thống chất lượng cao, chưng cất tinh dầu và chiết xuất dược liệu\r\n\r\ncho Gv.Ks. NCS. Nguyễn Xuân Bang, Trường Đại học Nông nghiệp Hà Nội (Triển khai thi\r\n\r\ncông lắp đặt thiết bị và chuyển giao công nghệ tại Sở Nông nghiệp &amp; Phát triển Nông thôn\r\n\r\ntỉnh Quảng Ninh), năm 2011;<br>\r\n\r\n2. Thiết kế, chế tạo hệ thống tháp chưng luyện rượu truyền thống chất lượng cao , chưng\r\n\r\ncất tinh dầu, chiết xuất dược liệu và các hợp chất màu thiên nhiên làm mô hình trình diễn\r\n\r\ncho Trung tâm Thiết kế, Chế tạo Máy Thiết bị và Chuyển giao Công nghệ Trí Việt (Số 196,\r\n\r\nThân Nhân Trung, Bích Động, Việt Yên, Bắc Giang), năm 2011;<br>\r\n\r\n3. Thiết kế, chế tạo hệ thống dây chuyền thiết bị công nghệ nấu, lên men; tháp chưng luyện\r\n\r\nphân đoạn tách tạp các sản phẩm rượu truyền thống chất lượng cao, chưng cất tinh dầu và\r\n\r\nchiết xuất dược liệu và chuyển giao công nghệ sản xuất rượu nếp cái hoa vàng cho Công ty\r\n\r\nCổ phần Dạ Lan (Số 1, Phan Chu Trinh, P. Điện Biên, Tp. Thanh Hóa; Nhà máy sản xuất:\r\n\r\nKCN Hoàng Long, Tp. Thanh Hóa), năm 2011;<br>\r\n\r\n4. Thiết kế, chế tạo thiết bị nghiền, nấu, lên men và chưng cất rượu truyền thống , chưng cất\r\n\r\ntinh dầu và chiết xuất dược liệu cho anh Lê Đức Thành (Phường Chăm Mát, Thành phố\r\n\r\nHòa Bình), năm 2013;<br>\r\n\r\n5. Thiết kế, chế tạo tháp chưng luyện phân đoạn tách tạp các sản phẩm rượu truyền thống,\r\n\r\nchưng cất tinh dầu và chiết xuất dược liệu cho anh Nguyễn Văn Long (Trường Quân sự\r\n\r\nQuân khu 3, Chí Linh, Sao Đỏ, Hải Dương), năm 2013;<br>\r\n\r\n6. Thiết kế, chế tạo hệ thống dây chuyền thiết bị nấu, lên men, tháp chưng luyện phân đoạn\r\n\r\ntách tạp các sản phẩm rượu truyền thống chất lượng cao, chiết xuất Cucurmin từ củ nghệ đỏ\r\n\r\nvà chuyển giao công nghệ sản xuất rượu nghệ cho Công ty Cổ phần Nghệ Việt (Nông\r\n\r\ntrường Thạch Quảng, Thạch Thành, Thanh Hóa), năm 2013;\r\n<br>\r\n7. Cải tạo nồi cô đặc chân không thành hệ thống tháp chưng cất rượu Brandy vải thiều cho\r\n\r\nđề tài nghiên cứu cấp cơ sở, Khoa Công nghệ Thực phẩm - Trường Đại học Nông - Lâm\r\n\r\nBắc Giang, năm 2014;\r\n<br>\r\n8. Thiết kế, chế tạo tháp chưng luyện phân đoạn tách tạp các sản phẩm rượu truyền thống\r\n\r\nchất lượng cao, chưng cất tinh dầu và chiết xuất dược liệu cho Công ty TNHH Rượu Cát\r\n\r\nLinh (Tiên Phương, Chương Mỹ, Hà Nội), năm 2014;\r\n<br>\r\n9. Chuyên gia Thiết bị và Công nghệ triển khai toàn bộ dự án khoa học công nghệ cấp tỉnh\r\n\r\ncủa tỉnh Thanh Hóa “Ứng dụng công nghệ để hoàn thiện dây chuyền sản xuất và nâng cao\r\n\r\nchất lượng rượu truyền thống “Nếp cái hoa vàng Dạ Lan” tại tỉnh Thanh Hóa” cho Công ty\r\n\r\nCổ phần Dạ Lan (Số 1, Phan Chu Trinh, P. Điện Biên, Tp. Thanh Hóa; Nhà máy sản xuất:\r\n\r\nKCN Hoàng Long, Tp. Thanh Hóa), năm 2014-2015;\r\n<br>\r\n10. Thiết kế, chế tạo tháp chưng luyện phân đoạn tách tạp các sản phẩm rượu truyền thống\r\n\r\nchất lượng cao, chưng cất tinh dầu và chiết xuất dược liệu cho ông Nguyễn Văn Thành (thị\r\n\r\ntrấn Lim, tỉnh Bắc Ninh), năm 2015;\r\n<br>\r\n11. Chuyên gia Thiết bị và Công nghệ triển khai toàn bộ dự án khoa học công nghệ cấp tỉnh\r\n\r\ncủa tỉnh Hà Giang “Quy hoạch phát triển ngành rượu - bia - nước giải khát tỉnh Hà Giang\r\n\r\nđến năm 2020, xét đến năm 2025” cho Sở Công Thương tỉnh Hà Giang, năm 2015;\r\n<br>\r\n12 Chuyên gia Thiết bị và Công nghệ triển khai toàn bộ dự án thiết kế, chế tạo và chuyển\r\n\r\ngiao công nghệ sản xuất rượu ngô men lá cho Công ty Cổ phần Rượu Bia Hà Giang “Quy\r\n\r\nhoạch phát triển ngành rượu - bia - nước giải khát tỉnh Hà Giang đến năm 2020, xét đến\r\n\r\nnăm 2025”.<br>\r\n\r\n<h4>II. Các công trình thiết bị công nghệ chế biến nông sản thực phẩm</h4><br>\r\n\r\n1. Cải tạo và lắp đặt dây chuyền thiết bị công nghệ sản xuất Bia Rượu cho Khoa Công nghệ\r\n\r\nThực phẩm, Trường Đại học Nông - Lâm Bắc Giang, năm 2008;\r\n<br>\r\n2. Chuyên gia Thiết bị và Công nghệ triển khai toàn bộ dự án cung cấp và lắp đặt hệ thống\r\n\r\ncác dây chuyền thiết bị công nghệ phục vụ cho đáo tạo, nghiên cứu khoa học và sản xuất\r\n\r\nchế biến các sản phẩm nông sản và thực phẩm cho Khoa Chế biến Nông sản Thực phẩm,\r\n\r\nTrường Cao đẳng Nghề Cơ Điện Công nghệ Thực phẩm Phú Thọ, năm 2011-2012;\r\n<br>\r\n3. Chuyên gia Thiết bị và Công nghệ triển khai toàn bộ dự án lắp đặt dây chuyền thiết bị\r\n\r\ncông nghệ sản xuất sữa đậu nành cho Công ty Cổ phần Thực phẩm Vinastar, KCN Đông\r\n\r\nThọ, tỉnh Bắc Ninh, năm 2011;<br>\r\n\r\n4. Chuyên gia Thiết bị và Công nghệ triển khai toàn bộ dự án lắp đặt dây chuyền thiết bị\r\n\r\ncông nghệ sản xuất sữa tương ớt cho Công ty Cổ phần Thực phẩm XNK Rau Quả Bắc\r\n\r\nGiang, năm 2011;<br>\r\n\r\n5. Thiết kế, chế tạo máy sấy đối lưu năng suất 500 kg/mẻ cho Công ty TNHH Thiết bị Áp\r\n\r\nlực Đức Thọ (Tam Lư, Bắc Ninh), năm 2013;<br>\r\n\r\n6. Thiết kế, chế tạo máy sấy đối lưu gián tiếp nhiệt độ thấp tuần hoàn một phần không khí\r\n\r\nthải để sấy dược liệu có năng suất 50 kg/mẻ cho đề tài nghiên cứu khoa học cấp cơ sở của\r\n\r\nTS. Nguyễn Văn Hoàn (Khoa Lâm Nghiệp, Trường Đại học Nông Lâm Bắc Giang), năm\r\n\r\n2015;<br>\r\n\r\n7. Chuyên gia Thiết bị và Công nghệ sửa chữa cải tạo máy sấy phun cho Khoa Chế biến\r\n\r\nNông sản Thực phẩm, Trường Cao đẳng Nông Lâm Bắc Giang, năm 20014.<br>\r\n\r\n<h4>III. Các công trình thiết bị công nghệ hóa học và xử lý rác, nước, hấp phụ và hấp thụ\r\n\r\nkhí thải</h3><br>\r\n\r\n1. Chuyên gia Thiết bị và Công nghệ cải tạo và lắp đặt dây chuyền thiết bị công nghệ xử lý\r\n\r\nnước cho khoa Công nghệ Thực phẩm, Trường Đại học Nông - Lâm Bắc Giang, năm 2009;<br>\r\n\r\n2. Triển khai chế tạo dây chuyền Thiết bị phản ứng hóa học cho ThS. Lê Văn Dinh (thôn\r\n\r\nĐầu, xã Tự Lạn, huyện Việt Yên, tỉnh Bắc Giang), năm 2010;<br>\r\n\r\n3. Chuyên gia Thiết bị và Công nghệ cung cấp và lắp đặt dây chuyền thiết bị công nghệ xử\r\n\r\nlý nước cho khoa Chế biến Nông sản Thực phẩm, Trường Cao đẳng Cơ Điện và Công nghệ\r\n\r\nThực phẩm Phú Thọ, năm 20011;<br>\r\n\r\n4. Xây dựng mô hình Thiết bị và Công nghệ đốt rác và hệ thống tháp hấp phụ và hấp thụ\r\n\r\nkhí thải cho TS. Nguyễn Văn Hoàn (Khoa Lâm Nghiệp, Trường Đại học Nông Lâm Bắc\r\n\r\nGiang, năm 2015.<br>\r\n                                                                                                                                                                                                                                  <h4 style=\"margin-left: 500px;\"> Tác giả</h4><br><br><br>\r\n\r\n\r\n                                                                                                                                                                                                                <h4 style=\"margin-left: 425px;\"> Gv.ThS. Nguyễn Văn Quang</h4>\r\n');
/*!40000 ALTER TABLE `gioithieu` ENABLE KEYS */;
UNLOCK TABLES;

--
-- Table structure for table `khoahoccongnghe`
--

DROP TABLE IF EXISTS `khoahoccongnghe`;
/*!40101 SET @saved_cs_client     = @@character_set_client */;
/*!40101 SET character_set_client = utf8 */;
CREATE TABLE `khoahoccongnghe` (
  `baiviet_id` int(11) NOT NULL AUTO_INCREMENT,
  `baiviet_tieude` text COLLATE utf8_unicode_ci NOT NULL,
  `baiviet_anh` text COLLATE utf8_unicode_ci NOT NULL,
  `baiviet_gioithieu` text COLLATE utf8_unicode_ci NOT NULL,
  `baiviet_noidung` text COLLATE utf8_unicode_ci NOT NULL,
  `baiviet_ngaylap` timestamp NOT NULL DEFAULT CURRENT_TIMESTAMP ON UPDATE CURRENT_TIMESTAMP,
  PRIMARY KEY (`baiviet_id`)
) ENGINE=InnoDB DEFAULT CHARSET=utf8 COLLATE=utf8_unicode_ci;
/*!40101 SET character_set_client = @saved_cs_client */;

--
-- Dumping data for table `khoahoccongnghe`
--

LOCK TABLES `khoahoccongnghe` WRITE;
/*!40000 ALTER TABLE `khoahoccongnghe` DISABLE KEYS */;
/*!40000 ALTER TABLE `khoahoccongnghe` ENABLE KEYS */;
UNLOCK TABLES;

--
-- Table structure for table `migration`
--

DROP TABLE IF EXISTS `migration`;
/*!40101 SET @saved_cs_client     = @@character_set_client */;
/*!40101 SET character_set_client = utf8 */;
CREATE TABLE `migration` (
  `version` varchar(180) COLLATE utf8_unicode_ci NOT NULL,
  `apply_time` int(11) DEFAULT NULL,
  PRIMARY KEY (`version`)
) ENGINE=InnoDB DEFAULT CHARSET=utf8 COLLATE=utf8_unicode_ci;
/*!40101 SET character_set_client = @saved_cs_client */;

--
-- Dumping data for table `migration`
--

LOCK TABLES `migration` WRITE;
/*!40000 ALTER TABLE `migration` DISABLE KEYS */;
INSERT INTO `migration` VALUES ('m000000_000000_base',1452717907),('m130524_201442_init',1452717911);
/*!40000 ALTER TABLE `migration` ENABLE KEYS */;
UNLOCK TABLES;

--
-- Table structure for table `nghiencuu`
--

DROP TABLE IF EXISTS `nghiencuu`;
/*!40101 SET @saved_cs_client     = @@character_set_client */;
/*!40101 SET character_set_client = utf8 */;
CREATE TABLE `nghiencuu` (
  `nghiencuu_id` int(11) NOT NULL AUTO_INCREMENT,
  `nghiencuu_tieude` text COLLATE utf8_unicode_ci NOT NULL,
  `nghiencuu_anh` text COLLATE utf8_unicode_ci NOT NULL,
  `ngiencuu_noidung` text COLLATE utf8_unicode_ci NOT NULL,
  `nghiencuu_ngaylap` timestamp NOT NULL DEFAULT CURRENT_TIMESTAMP ON UPDATE CURRENT_TIMESTAMP,
  PRIMARY KEY (`nghiencuu_id`)
) ENGINE=InnoDB DEFAULT CHARSET=utf8 COLLATE=utf8_unicode_ci;
/*!40101 SET character_set_client = @saved_cs_client */;

--
-- Dumping data for table `nghiencuu`
--

LOCK TABLES `nghiencuu` WRITE;
/*!40000 ALTER TABLE `nghiencuu` DISABLE KEYS */;
/*!40000 ALTER TABLE `nghiencuu` ENABLE KEYS */;
UNLOCK TABLES;

--
-- Table structure for table `ruou`
--

DROP TABLE IF EXISTS `ruou`;
/*!40101 SET @saved_cs_client     = @@character_set_client */;
/*!40101 SET character_set_client = utf8 */;
CREATE TABLE `ruou` (
  `ruou_id` int(11) NOT NULL AUTO_INCREMENT,
  `ruou_tieude` text COLLATE utf8_unicode_ci NOT NULL,
  `ruou_anh` text COLLATE utf8_unicode_ci NOT NULL,
  `ruou_noidung` text COLLATE utf8_unicode_ci NOT NULL,
  `ruou_ngaylap` timestamp NOT NULL DEFAULT CURRENT_TIMESTAMP ON UPDATE CURRENT_TIMESTAMP,
  PRIMARY KEY (`ruou_id`)
) ENGINE=InnoDB AUTO_INCREMENT=2 DEFAULT CHARSET=utf8 COLLATE=utf8_unicode_ci;
/*!40101 SET character_set_client = @saved_cs_client */;

--
-- Dumping data for table `ruou`
--

LOCK TABLES `ruou` WRITE;
/*!40000 ALTER TABLE `ruou` DISABLE KEYS */;
INSERT INTO `ruou` VALUES (1,'dfgdfg','#','dfgd','0000-00-00 00:00:00');
/*!40000 ALTER TABLE `ruou` ENABLE KEYS */;
UNLOCK TABLES;

--
-- Table structure for table `sanpham`
--

DROP TABLE IF EXISTS `sanpham`;
/*!40101 SET @saved_cs_client     = @@character_set_client */;
/*!40101 SET character_set_client = utf8 */;
CREATE TABLE `sanpham` (
  `sanpham_id` int(11) NOT NULL AUTO_INCREMENT,
  `sanpham_ten` varchar(100) COLLATE utf8_unicode_ci NOT NULL,
  `sanpham_anh` text COLLATE utf8_unicode_ci NOT NULL,
  `sanpham_noidung` text COLLATE utf8_unicode_ci NOT NULL,
  `sanpham_ngaylap` timestamp NOT NULL DEFAULT CURRENT_TIMESTAMP ON UPDATE CURRENT_TIMESTAMP,
  PRIMARY KEY (`sanpham_id`)
) ENGINE=InnoDB AUTO_INCREMENT=5 DEFAULT CHARSET=utf8 COLLATE=utf8_unicode_ci;
/*!40101 SET character_set_client = @saved_cs_client */;

--
-- Dumping data for table `sanpham`
--

LOCK TABLES `sanpham` WRITE;
/*!40000 ALTER TABLE `sanpham` DISABLE KEYS */;
INSERT INTO `sanpham` VALUES (1,'bình gom hơi đốt','images/machine/Bình gom hơi đốt.jpg','           <span>\r\n                        <strong>Địa chỉ áp dụng: </strong>\r\n                    </span>\r\n                    <p>Công ty Cổ phần Thực phẩm Vinastar (KCN Đông Thọ, huyện Yên Phong, tỉnh Bắc Ninh)</p>','2016-05-19 01:20:26'),(2,'sadsad','sadsad','sadasd','2016-05-19 00:42:45'),(3,'Máy chiết túi','images/machine/Máy chiết túi.jpg',' <span>\r\n                        <strong>Địa chỉ áp dụng: </strong>\r\n                    </span>\r\n                    <p>Công ty Cổ phần Thực phẩm Vinastar (KCN Đông Thọ, huyện Yên Phong, tỉnh Bắc Ninh)</p>','2016-05-19 02:10:01'),(4,'Nồi nấu và các bồn trung gian','images/machine/Nồi nấu và các bồn trung gian.jpg','  <span>\r\n                        <strong>Địa chỉ áp dụng: </strong>\r\n                    </span>\r\n                    <p>Công ty Cổ phần Thực phẩm Vinastar (KCN Đông Thọ, huyện Yên Phong, tỉnh Bắc Ninh)</p>','2016-05-19 02:11:22');
/*!40000 ALTER TABLE `sanpham` ENABLE KEYS */;
UNLOCK TABLES;

--
-- Table structure for table `sanphamkhac`
--

DROP TABLE IF EXISTS `sanphamkhac`;
/*!40101 SET @saved_cs_client     = @@character_set_client */;
/*!40101 SET character_set_client = utf8 */;
CREATE TABLE `sanphamkhac` (
  `sanphamkhac_id` int(11) NOT NULL AUTO_INCREMENT,
  `sanphamkhac_ten` text COLLATE utf8_unicode_ci NOT NULL,
  `sanphamkhac_anh` text COLLATE utf8_unicode_ci NOT NULL,
  `sanphamkhac_noidung` text COLLATE utf8_unicode_ci NOT NULL,
  `sanphamkhac_ngaylap` timestamp NOT NULL DEFAULT CURRENT_TIMESTAMP ON UPDATE CURRENT_TIMESTAMP,
  PRIMARY KEY (`sanphamkhac_id`)
) ENGINE=InnoDB DEFAULT CHARSET=utf8 COLLATE=utf8_unicode_ci;
/*!40101 SET character_set_client = @saved_cs_client */;

--
-- Dumping data for table `sanphamkhac`
--

LOCK TABLES `sanphamkhac` WRITE;
/*!40000 ALTER TABLE `sanphamkhac` DISABLE KEYS */;
/*!40000 ALTER TABLE `sanphamkhac` ENABLE KEYS */;
UNLOCK TABLES;

--
-- Table structure for table `suachua`
--

DROP TABLE IF EXISTS `suachua`;
/*!40101 SET @saved_cs_client     = @@character_set_client */;
/*!40101 SET character_set_client = utf8 */;
CREATE TABLE `suachua` (
  `suachua_id` int(11) NOT NULL AUTO_INCREMENT,
  `suachua_tieude` text COLLATE utf8_unicode_ci NOT NULL,
  `suachua_anh` text COLLATE utf8_unicode_ci NOT NULL,
  `suachua_noidung` text COLLATE utf8_unicode_ci NOT NULL,
  `suachua_ngaylap` timestamp NOT NULL DEFAULT CURRENT_TIMESTAMP ON UPDATE CURRENT_TIMESTAMP,
  PRIMARY KEY (`suachua_id`)
) ENGINE=InnoDB DEFAULT CHARSET=utf8 COLLATE=utf8_unicode_ci;
/*!40101 SET character_set_client = @saved_cs_client */;

--
-- Dumping data for table `suachua`
--

LOCK TABLES `suachua` WRITE;
/*!40000 ALTER TABLE `suachua` DISABLE KEYS */;
/*!40000 ALTER TABLE `suachua` ENABLE KEYS */;
UNLOCK TABLES;

--
-- Table structure for table `sukienvadoitac`
--

DROP TABLE IF EXISTS `sukienvadoitac`;
/*!40101 SET @saved_cs_client     = @@character_set_client */;
/*!40101 SET character_set_client = utf8 */;
CREATE TABLE `sukienvadoitac` (
  `baiviet_id` int(11) NOT NULL AUTO_INCREMENT,
  `baiviet_tieude` text COLLATE utf8_unicode_ci NOT NULL,
  `baiviet_anh` text COLLATE utf8_unicode_ci NOT NULL,
  `baiviet_gioithieu` text COLLATE utf8_unicode_ci NOT NULL,
  `baiviet_noidung` text COLLATE utf8_unicode_ci NOT NULL,
  `baiviet_ngaylap` timestamp NOT NULL DEFAULT CURRENT_TIMESTAMP ON UPDATE CURRENT_TIMESTAMP,
  PRIMARY KEY (`baiviet_id`)
) ENGINE=InnoDB AUTO_INCREMENT=2 DEFAULT CHARSET=utf8 COLLATE=utf8_unicode_ci;
/*!40101 SET character_set_client = @saved_cs_client */;

--
-- Dumping data for table `sukienvadoitac`
--

LOCK TABLES `sukienvadoitac` WRITE;
/*!40000 ALTER TABLE `sukienvadoitac` DISABLE KEYS */;
INSERT INTO `sukienvadoitac` VALUES (1,'âsas','#','sadsadsad','sadsadasdsấccsacasc','2016-05-20 10:37:54');
/*!40000 ALTER TABLE `sukienvadoitac` ENABLE KEYS */;
UNLOCK TABLES;

--
-- Table structure for table `tintuc`
--

DROP TABLE IF EXISTS `tintuc`;
/*!40101 SET @saved_cs_client     = @@character_set_client */;
/*!40101 SET character_set_client = utf8 */;
CREATE TABLE `tintuc` (
  `tintuc_id` int(11) NOT NULL AUTO_INCREMENT,
  `tintuc_tieude` varchar(100) COLLATE utf8_unicode_ci NOT NULL,
  `tintuc_anh` text COLLATE utf8_unicode_ci NOT NULL,
  `tintuc_gioithieu` text COLLATE utf8_unicode_ci NOT NULL,
  `tintuc_noidung` text COLLATE utf8_unicode_ci NOT NULL,
  `tintuc_ngaylap` timestamp NOT NULL DEFAULT CURRENT_TIMESTAMP ON UPDATE CURRENT_TIMESTAMP,
  PRIMARY KEY (`tintuc_id`)
) ENGINE=InnoDB AUTO_INCREMENT=8 DEFAULT CHARSET=utf8 COLLATE=utf8_unicode_ci;
/*!40101 SET character_set_client = @saved_cs_client */;

--
-- Dumping data for table `tintuc`
--

LOCK TABLES `tintuc` WRITE;
/*!40000 ALTER TABLE `tintuc` DISABLE KEYS */;
INSERT INTO `tintuc` VALUES (4,'Một số thiết bị và các dự án đã triển khai - phần 1','images/anh-bai-viet.jpg','HỆ THỐNG DÂY CHUYỀN THIẾT BỊ SẢN XUẤT                          RƯỢU NẾP CÁI HOA VÀNG CHẤT LƯỢNG CAO (RƯỢU MÀU TRẮNG)',' <!-- <p><b>Bạn không thể sống trong khoảng chừng 3 phút nếu không có không khí, 3 giờ nếu không có nơi trú ẩn trong điều kiện thời tiết khắc nghiệt, 3 ngày không có nước và 3 tuần không có thức ăn. Đó là một quy tắc mà các chuyên gia hay gọi là Quy tắc số 3.</b></p> -->\r\n              <!-- <p>Theo kết luận của các nhà khoa học thì nước chiếm 70% khối lượng của cơ thể. Nước là dung môi của các phản ứng hóa học trong cơ thể, tham gia trực tiếp vào các phản ứng khác nhau của cơ thể, có tác dụng bôi trơn quan trọng của cơ thể, đặc biệt là nơi tiếp xúc các đầu nối, bao hoạt dịch và màng bao, tạo nên sự linh động tại đầu xương và sụn, màng phổi, cơ hoành, miệng…, điều hòa nhiệt độ và là nguồn cung cấp khoáng chất cho cơ thể. Cơ thể cũng thường xuyên bị mất nước trong các hoạt động như đại – tiểu tiện, toát mồ hôi, khóc và thậm chí là cả hít thở cũng khiến cơ thể chúng ta mất nước.</p> -->\r\n                <p class=\"img\"><img class=\"wp-image-2755 aligncenter\" src=\"images/anh-kinh-nghiem/Selection_002.png\" alt=\"shutterstock_185020985\" width=\"600\" height=\"400\"></p>\r\n                <p><h5 class=\"text-center\">HỆ THỐNG DÂY CHUYỀN THIẾT BỊ SẢN XUẤT \r\n                    RƯỢU NẾP CÁI HOA VÀNG CHẤT LƯỢNG CAO (RƯỢU MÀU TRẮNG)\r\n                </h5>\r\n                <i>Địa chỉ áp dụng: Công ty Cổ phần Dạ Lan\r\n                    (Số 1, Phan Chu Trinh, phường Điện Biên, thành phố Thanh Hóa)\r\n                </i>\r\n                </p> <br />\r\n                <p class=\"img\"><img class=\"wp-image-2755 aligncenter\" src=\"images/anh-kinh-nghiem/image004.jpg\" alt=\"shutterstock_185020985\"></p>\r\n                <p><h5 class=\"text-center\">HỆ THỐNG DÂY CHUYỀN THIẾT BỊ SẢN XUẤT\r\n                    RƯỢU NẾP CÁI HOA VÀNG CHẤT LƯỢNG CAO (RƯỢU MÀU VÀNG)\r\n                </h5>\r\n                <i>Địa chỉ áp dụng: Công ty Cổ phần Dạ Lan\r\n                    (Số 1, Phan Chu Trinh, phường Điện Biên, thành phố Thanh Hóa)\r\n                </i>\r\n                </p> <br />\r\n                <p class=\"img\"><img class=\"wp-image-2755 aligncenter\" src=\"images/anh-kinh-nghiem/Selection_003.png\" alt=\"shutterstock_185020985\" width=\"600\" height=\"400\"></p>\r\n                <p><h5 class=\"text-center\">HỆ THỐNG DÂY CHUYỀN THIẾT BỊ SẢN XUẤT \r\n                    RƯỢU TRUYỀN THỐNG CHẤT LƯỢNG CAO\r\n                    MÔ HÌNH DỰ ÁN KHOA HỌC CÔNG NGHỆ\r\n                </h5>\r\n                <i>Địa chỉ áp dụng: Sở Nông nghiệp và Phát triển Nông thôn tỉnh Quảng Ninh\r\n                </i>\r\n                </p> <br />\r\n                <p class=\"img\"><img class=\"wp-image-2755 aligncenter\" src=\"images/anh-kinh-nghiem/Selection_006.png\" alt=\"shutterstock_185020985\" width=\"600\" height=\"400\"></p>\r\n                <p><h5 class=\"text-center\">HỆ THỐNG DÂY CHUYỀN THIẾT BỊ SẢN XUẤT \r\n                    RƯỢU TRUYỀN THỐNG CHẤT LƯỢNG CAO \r\n                    MÔ HÌNH THÁP CHƯNG CẤT RƯỢU TRẮNG VÀ \r\n                    TÁCH TẠP RƯỢU MÀU\r\n                </h5>\r\n                <i>Địa chỉ áp dụng: Số 196, Thân Nhân Trung, Bích động, Việt Yên, Bắc Giang\r\n                </i>\r\n                </p> <br />\r\n                <p class=\"img\"><img class=\"wp-image-2755 aligncenter\" src=\"images/anh-kinh-nghiem/image009.jpg\" alt=\"shutterstock_185020985\" width=\"600\" height=\"400\"></p>\r\n                <p><h5 class=\"text-center\">HỆ THỐNG DÂY CHUYỀN THIẾT BỊ SẢN XUẤT \r\n                    RƯỢU NGHỆ CHẤT LƯỢNG CAO\r\n                </h5>\r\n                <i>Địa chỉ áp dụng: Công ty Cổ phần Nghệ Việt\r\n                    (Nông trường Thạch Quảng, Thạch Thành, Thanh Hóa)\r\n                </i>\r\n                </p> <br />\r\n                <p class=\"img\"><img class=\"wp-image-2755 aligncenter\" src=\"images/anh-kinh-nghiem/image012.jpg\" alt=\"shutterstock_185020985\" width=\"600\" height=\"400\"></p>\r\n                <p><h5 class=\"text-center\">HỆ THỐNG DÂY CHUYỀN THIẾT BỊ CHIẾT XUẤT DƯỢC LIỆU CHẤT LƯỢNG CAO\r\n                    MÔ HÌNH NGHIÊN CỨU KHOA HỌC CẤP CƠ SỞ\r\n                </h5>\r\n                <i>Địa chỉ áp dụng: Trường Đại học Nông - Lâm Bắc Giang\r\n                </i>\r\n                </p> <br />\r\n                <p class=\"img\"><img class=\"wp-image-2755 aligncenter\" src=\"images/anh-kinh-nghiem/Selection_007.png\" alt=\"shutterstock_185020985\" width=\"600\" height=\"400\"></p>\r\n                <p><h5 class=\"text-center\">HỆ THỐNG DÂY CHUYỀN THIẾT BỊ SẢN XUẤT \r\n                    RƯỢU TRUYỀN THỐNG CHẤT LƯỢNG CAO\r\n                </h5>\r\n                <i>Địa chỉ áp dụng: Công ty TNHH Rượu Cát Linh \r\n                    (Tiên Phương, Chương Mỹ, Hà Nội)\r\n                </i>\r\n                </p> <br />','2016-05-20 00:24:27'),(5,'hinh-anh-thiet-bi-trien-khai-2','images/anh-bai-viet.jpg','',' <!-- <p><b>Bạn không thể sống trong khoảng chừng 3 phút nếu không có không khí, 3 giờ nếu không có nơi trú ẩn trong điều kiện thời tiết khắc nghiệt, 3 ngày không có nước và 3 tuần không có thức ăn. Đó là một quy tắc mà các chuyên gia hay gọi là Quy tắc số 3.</b></p> -->\r\n              <!-- <p>Theo kết luận của các nhà khoa học thì nước chiếm 70% khối lượng của cơ thể. Nước là dung môi của các phản ứng hóa học trong cơ thể, tham gia trực tiếp vào các phản ứng khác nhau của cơ thể, có tác dụng bôi trơn quan trọng của cơ thể, đặc biệt là nơi tiếp xúc các đầu nối, bao hoạt dịch và màng bao, tạo nên sự linh động tại đầu xương và sụn, màng phổi, cơ hoành, miệng…, điều hòa nhiệt độ và là nguồn cung cấp khoáng chất cho cơ thể. Cơ thể cũng thường xuyên bị mất nước trong các hoạt động như đại – tiểu tiện, toát mồ hôi, khóc và thậm chí là cả hít thở cũng khiến cơ thể chúng ta mất nước.</p> -->\r\n                <p class=\"img\"><img class=\"wp-image-2755 aligncenter\" src=\"images/anh-kinh-nghiem/Dây chuyền thiết bị chế biến rau quả 2.jpg\" alt=\"shutterstock_185020985\" width=\"600\" height=\"400\"></p>\r\n                <p><h5 class=\"text-center\">HỆ THỐNG CÁC DÂY CHUYỀN THIẾT BỊ CÔNG NGHỆ \r\n                    CHẾ BIẾN NÔNG SẢN THỰC PHẨM</h5>\r\n                <i>Địa chỉ áp dụng:\r\n                    Trường Cao đẳng Nghề Cơ Điện và Công nghệ Thực phẩm Phú Thọ\r\n                    (Thanh Ba, Phú Thọ)\r\n                </i>\r\n                </p> <br />\r\n                <p class=\"img\"><img class=\"wp-image-2755 aligncenter\" src=\"images/anh-kinh-nghiem/Thiết bị cô đặc và chưng cất chân không.jpg\" alt=\"shutterstock_185020985\" width=\"600\" height=\"400\"></p>\r\n                <p><h5 class=\"text-center\">NỒI CÔ ĐẶC - CHƯNG CẤT CHÂN KHÔNG \r\n                    CHƯNG CẤT TINH DẦU VÀ CHIẾT XUẤT DƯỢC LIỆU\r\n                </h5>\r\n                <i>Địa chỉ áp dụng:\r\n                    Trường Cao đẳng Nghề Cơ Điện và Công nghệ Thực phẩm Phú Thọ\r\n                    (Thanh Ba, Phú Thọ)\r\n                </i>\r\n                </p> <br />\r\n                <p class=\"img\"><img class=\"wp-image-2755 aligncenter\" src=\"images/anh-kinh-nghiem/Dây chuyền lọc nước tinh khiết.jpg\" alt=\"shutterstock_185020985\" width=\"600\" height=\"400\"></p>\r\n                <p><h5 class=\"text-center\">DÂY CHUYỀN THIẾT BỊ CÔNG NGHỆ XỬ LÝ NƯỚC</h5>\r\n                <i>Địa chỉ áp dụng:\r\n                    Trường Cao đẳng Nghề Cơ Điện và Công nghệ Thực phẩm Phú Thọ\r\n                    (Thanh Ba, Phú Thọ)\r\n                </i>\r\n                </p> <br />\r\n                <p class=\"img\"><img class=\"wp-image-2755 aligncenter\" src=\"images/anh-kinh-nghiem/Thiết bị rửa khí thổi.jpg\" alt=\"shutterstock_185020985\" width=\"600\" height=\"400\"></p>\r\n                <p><h5 class=\"text-center\">THIẾT BỊ RỬA KHÍ THỔI</h5>\r\n                <i>Địa chỉ áp dụng:\r\n                    Trường Cao đẳng Nghề Cơ Điện và Công nghệ Thực phẩm Phú Thọ\r\n                    (Thanh Ba, Phú Thọ)\r\n                </i>\r\n                </p> <br />\r\n                <p class=\"img\"><img class=\"wp-image-2755 aligncenter\" src=\"images/anh-kinh-nghiem/Thiết bị thanh trùng kép.jpg\" alt=\"shutterstock_185020985\" width=\"600\" height=\"400\"></p>\r\n                <p><h5 class=\"text-center\">THIẾT BỊ THANH TRÙNG KÉP</h5>\r\n                <i>Địa chỉ áp dụng:\r\n                    Trường Cao đẳng Nghề Cơ Điện và Công nghệ Thực phẩm Phú Thọ\r\n                    (Thanh Ba, Phú Thọ)\r\n                </i>\r\n                </p> <br />\r\n                <p class=\"img\"><img class=\"wp-image-2755 aligncenter\" src=\"images/anh-kinh-nghiem/Thiết bị thanh trùng nằm ngang.jpg\" alt=\"shutterstock_185020985\" width=\"600\" height=\"400\"></p>\r\n                <p><h5 class=\"text-center\">THIẾT BỊ THANH TRÙNG NẰM NGANG</h5>\r\n                <i>Địa chỉ áp dụng:\r\n                    Trường Cao đẳng Nghề Cơ Điện và Công nghệ Thực phẩm Phú Thọ\r\n                    (Thanh Ba, Phú Thọ)\r\n                </i>\r\n                </p> <br />\r\n                <p class=\"img\"><img class=\"wp-image-2755 aligncenter\" src=\"images/anh-kinh-nghiem/Thiết bị sấy đối lưu tuần hoàn một phần không khí thải.jpg\" alt=\"shutterstock_185020985\" width=\"600\" height=\"400\"></p>\r\n                <p><h5 class=\"text-center\">THIẾT BỊ SẤY ĐỐI LƯU TUẦN HOÀN MỘT PHẦN KHÔNG KHÍ THẢI</h5>\r\n                <i>Địa chỉ áp dụng:\r\n                    Trường Đại học Nông - Lâm Bắc Giang\r\n                    (xã Bích Sơn, huyện Việt Yên, tỉnh Bắc Giang)\r\n                </i>\r\n                </p> <br />\r\n                <p class=\"img\"><img class=\"wp-image-2755 aligncenter\" src=\"images/anh-kinh-nghiem/Dây chuyền thiết bị nấu và lên men bia rượu.jpg\" alt=\"shutterstock_185020985\" width=\"600\" height=\"400\"></p>\r\n                <p><h5 class=\"text-center\">DÂY CHUYỀN THIẾT BỊ CÔNG NGHỆ SẢN XUẤT BIA RƯỢU \r\n                    NƯỚC GIẢI KHÁT</h5>\r\n                <i>Địa chỉ áp dụng:\r\n                    Trường Đại học Nông - Lâm Bắc Giang\r\n                    (xã Bích Sơn, huyện Việt Yên, tỉnh Bắc Giang)\r\n                </i>\r\n                </p> <br />\r\n                <p class=\"img\"><img class=\"wp-image-2755 aligncenter\" src=\"images/anh-kinh-nghiem/Dây chuyền thiết bị sữa.jpg\" alt=\"shutterstock_185020985\" width=\"600\" height=\"400\"></p>\r\n                <p><h5 class=\"text-center\">DÂY CHUYỀN THIẾT BỊ CÔNG NGHỆ THANH TRÙNG SỮA TƯƠI</h5>\r\n                <i>Địa chỉ áp dụng:\r\n                    Trường Đại học Nông - Lâm Bắc Giang\r\n                    (xã Bích Sơn, huyện Việt Yên, tỉnh Bắc Giang)\r\n                </i>\r\n                </p> <br />\r\n                <p class=\"img\"><img class=\"wp-image-2755 aligncenter\" src=\"images/anh-kinh-nghiem/Thiết bị sấy phun.jpg\" alt=\"shutterstock_185020985\" width=\"600\" height=\"400\"></p>\r\n                <p><h5 class=\"text-center\">THIẾT BỊ SẤY PHUN</h5>\r\n                <i>Địa chỉ áp dụng:\r\n                    Trường Đại học Nông - Lâm Bắc Giang\r\n                    (xã Bích Sơn, huyện Việt Yên, tỉnh Bắc Giang)\r\n                </i>\r\n                </p> <br />\r\n                <p class=\"img\"><img class=\"wp-image-2755 aligncenter\" src=\"images/anh-kinh-nghiem/Nồi thanh trùng hở.jpg\" alt=\"shutterstock_185020985\" width=\"600\" height=\"400\"></p>\r\n                <p><h5 class=\"text-center\">THIẾT BỊ THANH TRÙNG HỞ</h5>\r\n                <i>Địa chỉ áp dụng:\r\n                    Trường Đại học Nông - Lâm Bắc Giang\r\n                    (xã Bích Sơn, huyện Việt Yên, tỉnh Bắc Giang)\r\n                </i>\r\n                </p> <br />\r\n                <p class=\"img\"><img class=\"wp-image-2755 aligncenter\" src=\"images/anh-kinh-nghiem/Thiết bị chưng cất và cô đặc chân không gián đoạn và liên tục.jpg\" alt=\"shutterstock_185020985\" width=\"600\" height=\"400\"></p>\r\n                <p><h5 class=\"text-center\">THIẾT BỊ CÔ ĐẶC - CHƯNG CẤT CHÂN KHÔNG GIÁN ĐOẠN VÀ \r\n                    LIÊN TỤC CHƯNG CẤT TINH DẦU VÀ CHIẾT XUẤT DƯỢC LIỆU\r\n                </h5>\r\n                <i>Địa chỉ áp dụng:\r\n                    Trường Đại học Nông - Lâm Bắc Giang\r\n                    (xã Bích Sơn, huyện Việt Yên, tỉnh Bắc Giang)\r\n                </i>\r\n                </p> <br />\r\n                <p class=\"img\"><img class=\"wp-image-2755 aligncenter\" src=\"images/anh-kinh-nghiem/Nồi nấu 2 vỏ kiểu lật đổ.jpg\" alt=\"shutterstock_185020985\" width=\"600\" height=\"400\"></p>\r\n                <p><h5 class=\"text-center\">NỒI NẤU 2 VỎ - THỦY PHÂN - PHẢN ỨNG HÓA HỌC</h5>\r\n                <i>Địa chỉ áp dụng:\r\n                    Trường Đại học Nông - Lâm Bắc Giang\r\n                    (xã Bích Sơn, huyện Việt Yên, tỉnh Bắc Giang)\r\n                </i>\r\n                </p> <br />\r\n                <p class=\"img\"><img class=\"wp-image-2755 aligncenter\" src=\"images/anh-kinh-nghiem/Thiết bị ép trục vít có áo hơi làm chín sản phẩm.jpg\" alt=\"shutterstock_185020985\" width=\"600\" height=\"400\"></p>\r\n                <p><h5 class=\"text-center\">THIẾT BỊ ÉP TRỤC VÍT CÓ ÁO HƠI LÀM CHÍN SẢN PHẨM</h5>\r\n                <i>Địa chỉ áp dụng:\r\n                    Trường Đại học Nông - Lâm Bắc Giang\r\n                    (xã Bích Sơn, huyện Việt Yên, tỉnh Bắc Giang)\r\n                </i>\r\n                </p> <br />\r\n                <p class=\"img\"><img class=\"wp-image-2755 aligncenter\" src=\"images/anh-kinh-nghiem/Thiết bị ép thủy lực.jpg\" alt=\"shutterstock_185020985\" width=\"600\" height=\"400\"></p>\r\n                <p><h5 class=\"text-center\">THIẾT BỊ ÉP THỦY LỰC</h5>\r\n                <i>Địa chỉ áp dụng:\r\n                    Trường Đại học Nông - Lâm Bắc Giang\r\n                    (xã Bích Sơn, huyện Việt Yên, tỉnh Bắc Giang)\r\n                </i>\r\n                </p> <br />\r\n                <p class=\"img\"><img class=\"wp-image-2755 aligncenter\" src=\"images/anh-kinh-nghiem/image032.jpg\" alt=\"shutterstock_185020985\" width=\"600\" height=\"400\"></p>\r\n                <p><h5 class=\"text-center\">DÂY CHUYỀN THIẾT BỊ CÔNG NGHỆ PHẢN ỨNG HÓA HỌC 1</h5>\r\n                <i>Địa chỉ áp dụng:\r\n                    Trường Đại học Nông - Lâm Bắc Giang\r\n                    (xã Bích Sơn, huyện Việt Yên, tỉnh Bắc Giang)\r\n                </i>\r\n                </p> <br />\r\n                <p class=\"img\"><img class=\"wp-image-2755 aligncenter\" src=\"images/anh-kinh-nghiem/image034.jpg\" alt=\"shutterstock_185020985\" width=\"600\" height=\"400\"></p>\r\n                <p><h5 class=\"text-center\">DÂY CHUYỀN THIẾT BỊ CÔNG NGHỆ PHẢN ỨNG HÓA HỌC 2</h5>\r\n                <i>Địa chỉ áp dụng:\r\n                    Trường Đại học Nông - Lâm Bắc Giang\r\n                    (xã Bích Sơn, huyện Việt Yên, tỉnh Bắc Giang)\r\n                </i>\r\n                </p> <br />\r\n                <p class=\"img\"><img class=\"wp-image-2755 aligncenter\" src=\"images/anh-kinh-nghiem/image036.jpg\" alt=\"shutterstock_185020985\" width=\"600\" height=\"400\"></p>\r\n                <p><h5 class=\"text-center\">THIẾT BỊ KẾT TINH</h5>\r\n                <i>Địa chỉ áp dụng:\r\n                    Trường Đại học Nông - Lâm Bắc Giang\r\n                    (xã Bích Sơn, huyện Việt Yên, tỉnh Bắc Giang)\r\n                </i>\r\n                </p> <br />\r\n                <p class=\"img\"><img class=\"wp-image-2755 aligncenter\" src=\"images/anh-kinh-nghiem/image038.jpg\" alt=\"shutterstock_185020985\" width=\"600\" height=\"400\"></p>\r\n                <p><h5 class=\"text-center\">THIẾT BỊ LỌC CHÂN KHÔNG</h5>\r\n                <i>Địa chỉ áp dụng:\r\n                    Trường Đại học Nông - Lâm Bắc Giang\r\n                    (xã Bích Sơn, huyện Việt Yên, tỉnh Bắc Giang)\r\n                </i>\r\n                </p> <br />\r\n                <p class=\"img\"><img class=\"wp-image-2755 aligncenter\" src=\"images/anh-kinh-nghiem/image040.jpg\" alt=\"shutterstock_185020985\" width=\"600\" height=\"400\"></p>\r\n                <p><h5 class=\"text-center\">NỒI NẤU SỮA ĐẬU NÀNH</h5>\r\n                <i>Địa chỉ áp dụng:\r\n                    Công ty Cổ phần Thực phẩm Vinastar\r\n                    (KCN Đông Thọ, huyện Yên Phong, tỉnh Bắc Ninh)\r\n                </i>\r\n                </p> <br />\r\n                <p class=\"img\"><img class=\"wp-image-2755 aligncenter\" src=\"images/anh-kinh-nghiem/image042.jpg\" alt=\"shutterstock_185020985\" width=\"600\" height=\"400\"></p>\r\n                <p><h5 class=\"text-center\">THIẾT BỊ LẮNG - LỌC - LY TÂM TÁCH BÃ</h5>\r\n                <i>Địa chỉ áp dụng:\r\n                    Công ty Cổ phần Thực phẩm Vinastar\r\n                    (KCN Đông Thọ, huyện Yên Phong, tỉnh Bắc Ninh)\r\n                </i>\r\n                </p> <br />\r\n                <p class=\"img\"><img class=\"wp-image-2755 aligncenter\" src=\"images/anh-kinh-nghiem/image042.jpg\" alt=\"shutterstock_185020985\" width=\"600\" height=\"400\"></p>\r\n                <p><h5 class=\"text-center\">THIẾT BỊ LÀM NGUUỘI - ĐỒNG HÓA</h5>\r\n                <i>Địa chỉ áp dụng:\r\n                    Công ty Cổ phần Thực phẩm Vinastar\r\n                    (KCN Đông Thọ, huyện Yên Phong, tỉnh Bắc Ninh)\r\n                </i>\r\n                </p> <br />\r\n                <p class=\"img\"><img class=\"wp-image-2755 aligncenter\" src=\"images/anh-kinh-nghiem/image046.jpg\" alt=\"shutterstock_185020985\" width=\"600\" height=\"400\"></p>\r\n                <p><h5 class=\"text-center\">NỒI THANH TRÙNG ÁP LỰC KIỂU THẲNG ĐỨNG</h5>\r\n                <i>Địa chỉ áp dụng:\r\n                    Công ty Cổ phần Thực phẩm Vinastar\r\n                    (KCN Đông Thọ, huyện Yên Phong, tỉnh Bắc Ninh)\r\n                </i>\r\n                </p> <br />\r\n                <p class=\"img\"><img class=\"wp-image-2755 aligncenter\" src=\"images/anh-kinh-nghiem/image048.jpg\" alt=\"shutterstock_185020985\" width=\"600\" height=\"400\"></p>\r\n                <p><h5 class=\"text-center\">DÂY CHUYỀN THIẾT BỊ CÔNG NGHỆ CHIẾT RÓT</h5>\r\n                <i>Địa chỉ áp dụng:\r\n                    Công ty Cổ phần Thực phẩm Vinastar\r\n                    (KCN Đông Thọ, huyện Yên Phong, tỉnh Bắc Ninh)\r\n                </i>\r\n                </p> <br />\r\n                <p class=\"img\"><img class=\"wp-image-2755 aligncenter\" src=\"images/anh-kinh-nghiem/image050.jpg\" alt=\"shutterstock_185020985\" width=\"600\" height=\"400\"></p>\r\n                <p><h5 class=\"text-center\">NỒI HƠI - BÌNH GOM HƠI - HỆ THÔNG ĐƯỜNG ỐNG PHÂN PHỐI HƠI</h5>\r\n                <i>Địa chỉ áp dụng:\r\n                    Công ty Cổ phần Thực phẩm Vinastar\r\n                    (KCN Đông Thọ, huyện Yên Phong, tỉnh Bắc Ninh)\r\n                </i>\r\n                </p> <br />','2016-05-19 11:59:59'),(6,'Một số thiết bị và các dự án đã triển khai - phần 3','images/anh-bai-viet.jpg','',' <!-- <p><b>Bạn không thể sống trong khoảng chừng 3 phút nếu không có không khí, 3 giờ nếu không có nơi trú ẩn trong điều kiện thời tiết khắc nghiệt, 3 ngày không có nước và 3 tuần không có thức ăn. Đó là một quy tắc mà các chuyên gia hay gọi là Quy tắc số 3.</b></p> -->\r\n              <!-- <p>Theo kết luận của các nhà khoa học thì nước chiếm 70% khối lượng của cơ thể. Nước là dung môi của các phản ứng hóa học trong cơ thể, tham gia trực tiếp vào các phản ứng khác nhau của cơ thể, có tác dụng bôi trơn quan trọng của cơ thể, đặc biệt là nơi tiếp xúc các đầu nối, bao hoạt dịch và màng bao, tạo nên sự linh động tại đầu xương và sụn, màng phổi, cơ hoành, miệng…, điều hòa nhiệt độ và là nguồn cung cấp khoáng chất cho cơ thể. Cơ thể cũng thường xuyên bị mất nước trong các hoạt động như đại – tiểu tiện, toát mồ hôi, khóc và thậm chí là cả hít thở cũng khiến cơ thể chúng ta mất nước.</p> -->\r\n                <p class=\"img\"><img class=\"wp-image-2755 aligncenter\" src=\"images/anh-kinh-nghiem/Dây chuyền thiết bị chế biến rau quả 2.jpg\" alt=\"shutterstock_185020985\" width=\"600\" height=\"400\"></p>\r\n                <p><h5 class=\"text-center\">HỆ THỐNG CÁC DÂY CHUYỀN THIẾT BỊ CÔNG NGHỆ \r\n                    CHẾ BIẾN NÔNG SẢN THỰC PHẨM</h5>\r\n                <i>Địa chỉ áp dụng:\r\n                    Trường Cao đẳng Nghề Cơ Điện và Công nghệ Thực phẩm Phú Thọ\r\n                    (Thanh Ba, Phú Thọ)\r\n                </i>\r\n                </p> <br />\r\n                <p class=\"img\"><img class=\"wp-image-2755 aligncenter\" src=\"images/anh-kinh-nghiem/Thiết bị cô đặc và chưng cất chân không.jpg\" alt=\"shutterstock_185020985\" width=\"600\" height=\"400\"></p>\r\n                <p><h5 class=\"text-center\">NỒI CÔ ĐẶC - CHƯNG CẤT CHÂN KHÔNG \r\n                    CHƯNG CẤT TINH DẦU VÀ CHIẾT XUẤT DƯỢC LIỆU\r\n                </h5>\r\n                <i>Địa chỉ áp dụng:\r\n                    Trường Cao đẳng Nghề Cơ Điện và Công nghệ Thực phẩm Phú Thọ\r\n                    (Thanh Ba, Phú Thọ)\r\n                </i>\r\n                </p> <br />\r\n                <p class=\"img\"><img class=\"wp-image-2755 aligncenter\" src=\"images/anh-kinh-nghiem/Dây chuyền lọc nước tinh khiết.jpg\" alt=\"shutterstock_185020985\" width=\"600\" height=\"400\"></p>\r\n                <p><h5 class=\"text-center\">DÂY CHUYỀN THIẾT BỊ CÔNG NGHỆ XỬ LÝ NƯỚC</h5>\r\n                <i>Địa chỉ áp dụng:\r\n                    Trường Cao đẳng Nghề Cơ Điện và Công nghệ Thực phẩm Phú Thọ\r\n                    (Thanh Ba, Phú Thọ)\r\n                </i>\r\n                </p> <br />\r\n                <p class=\"img\"><img class=\"wp-image-2755 aligncenter\" src=\"images/anh-kinh-nghiem/Thiết bị rửa khí thổi.jpg\" alt=\"shutterstock_185020985\" width=\"600\" height=\"400\"></p>\r\n                <p><h5 class=\"text-center\">THIẾT BỊ RỬA KHÍ THỔI</h5>\r\n                <i>Địa chỉ áp dụng:\r\n                    Trường Cao đẳng Nghề Cơ Điện và Công nghệ Thực phẩm Phú Thọ\r\n                    (Thanh Ba, Phú Thọ)\r\n                </i>\r\n                </p> <br />\r\n                <p class=\"img\"><img class=\"wp-image-2755 aligncenter\" src=\"images/anh-kinh-nghiem/Thiết bị thanh trùng kép.jpg\" alt=\"shutterstock_185020985\" width=\"600\" height=\"400\"></p>\r\n                <p><h5 class=\"text-center\">THIẾT BỊ THANH TRÙNG KÉP</h5>\r\n                <i>Địa chỉ áp dụng:\r\n                    Trường Cao đẳng Nghề Cơ Điện và Công nghệ Thực phẩm Phú Thọ\r\n                    (Thanh Ba, Phú Thọ)\r\n                </i>\r\n                </p> <br />\r\n                <p class=\"img\"><img class=\"wp-image-2755 aligncenter\" src=\"images/anh-kinh-nghiem/Thiết bị thanh trùng nằm ngang.jpg\" alt=\"shutterstock_185020985\" width=\"600\" height=\"400\"></p>\r\n                <p><h5 class=\"text-center\">THIẾT BỊ THANH TRÙNG NẰM NGANG</h5>\r\n                <i>Địa chỉ áp dụng:\r\n                    Trường Cao đẳng Nghề Cơ Điện và Công nghệ Thực phẩm Phú Thọ\r\n                    (Thanh Ba, Phú Thọ)\r\n                </i>\r\n                </p> <br />\r\n                <p class=\"img\"><img class=\"wp-image-2755 aligncenter\" src=\"images/anh-kinh-nghiem/Thiết bị sấy đối lưu tuần hoàn một phần không khí thải.jpg\" alt=\"shutterstock_185020985\" width=\"600\" height=\"400\"></p>\r\n                <p><h5 class=\"text-center\">THIẾT BỊ SẤY ĐỐI LƯU TUẦN HOÀN MỘT PHẦN KHÔNG KHÍ THẢI</h5>\r\n                <i>Địa chỉ áp dụng:\r\n                    Trường Đại học Nông - Lâm Bắc Giang\r\n                    (xã Bích Sơn, huyện Việt Yên, tỉnh Bắc Giang)\r\n                </i>\r\n                </p> <br />\r\n                <p class=\"img\"><img class=\"wp-image-2755 aligncenter\" src=\"images/anh-kinh-nghiem/Dây chuyền thiết bị nấu và lên men bia rượu.jpg\" alt=\"shutterstock_185020985\" width=\"600\" height=\"400\"></p>\r\n                <p><h5 class=\"text-center\">DÂY CHUYỀN THIẾT BỊ CÔNG NGHỆ SẢN XUẤT BIA RƯỢU \r\n                    NƯỚC GIẢI KHÁT</h5>\r\n                <i>Địa chỉ áp dụng:\r\n                    Trường Đại học Nông - Lâm Bắc Giang\r\n                    (xã Bích Sơn, huyện Việt Yên, tỉnh Bắc Giang)\r\n                </i>\r\n                </p> <br />\r\n                <p class=\"img\"><img class=\"wp-image-2755 aligncenter\" src=\"images/anh-kinh-nghiem/Dây chuyền thiết bị sữa.jpg\" alt=\"shutterstock_185020985\" width=\"600\" height=\"400\"></p>\r\n                <p><h5 class=\"text-center\">DÂY CHUYỀN THIẾT BỊ CÔNG NGHỆ THANH TRÙNG SỮA TƯƠI</h5>\r\n                <i>Địa chỉ áp dụng:\r\n                    Trường Đại học Nông - Lâm Bắc Giang\r\n                    (xã Bích Sơn, huyện Việt Yên, tỉnh Bắc Giang)\r\n                </i>\r\n                </p> <br />\r\n                <p class=\"img\"><img class=\"wp-image-2755 aligncenter\" src=\"images/anh-kinh-nghiem/Thiết bị sấy phun.jpg\" alt=\"shutterstock_185020985\" width=\"600\" height=\"400\"></p>\r\n                <p><h5 class=\"text-center\">THIẾT BỊ SẤY PHUN</h5>\r\n                <i>Địa chỉ áp dụng:\r\n                    Trường Đại học Nông - Lâm Bắc Giang\r\n                    (xã Bích Sơn, huyện Việt Yên, tỉnh Bắc Giang)\r\n                </i>\r\n                </p> <br />\r\n                <p class=\"img\"><img class=\"wp-image-2755 aligncenter\" src=\"images/anh-kinh-nghiem/Nồi thanh trùng hở.jpg\" alt=\"shutterstock_185020985\" width=\"600\" height=\"400\"></p>\r\n                <p><h5 class=\"text-center\">THIẾT BỊ THANH TRÙNG HỞ</h5>\r\n                <i>Địa chỉ áp dụng:\r\n                    Trường Đại học Nông - Lâm Bắc Giang\r\n                    (xã Bích Sơn, huyện Việt Yên, tỉnh Bắc Giang)\r\n                </i>\r\n                </p> <br />\r\n                <p class=\"img\"><img class=\"wp-image-2755 aligncenter\" src=\"images/anh-kinh-nghiem/Thiết bị chưng cất và cô đặc chân không gián đoạn và liên tục.jpg\" alt=\"shutterstock_185020985\" width=\"600\" height=\"400\"></p>\r\n                <p><h5 class=\"text-center\">THIẾT BỊ CÔ ĐẶC - CHƯNG CẤT CHÂN KHÔNG GIÁN ĐOẠN VÀ \r\n                    LIÊN TỤC CHƯNG CẤT TINH DẦU VÀ CHIẾT XUẤT DƯỢC LIỆU\r\n                </h5>\r\n                <i>Địa chỉ áp dụng:\r\n                    Trường Đại học Nông - Lâm Bắc Giang\r\n                    (xã Bích Sơn, huyện Việt Yên, tỉnh Bắc Giang)\r\n                </i>\r\n                </p> <br />\r\n                <p class=\"img\"><img class=\"wp-image-2755 aligncenter\" src=\"images/anh-kinh-nghiem/Nồi nấu 2 vỏ kiểu lật đổ.jpg\" alt=\"shutterstock_185020985\" width=\"600\" height=\"400\"></p>\r\n                <p><h5 class=\"text-center\">NỒI NẤU 2 VỎ - THỦY PHÂN - PHẢN ỨNG HÓA HỌC</h5>\r\n                <i>Địa chỉ áp dụng:\r\n                    Trường Đại học Nông - Lâm Bắc Giang\r\n                    (xã Bích Sơn, huyện Việt Yên, tỉnh Bắc Giang)\r\n                </i>\r\n                </p> <br />\r\n                <p class=\"img\"><img class=\"wp-image-2755 aligncenter\" src=\"images/anh-kinh-nghiem/Thiết bị ép trục vít có áo hơi làm chín sản phẩm.jpg\" alt=\"shutterstock_185020985\" width=\"600\" height=\"400\"></p>\r\n                <p><h5 class=\"text-center\">THIẾT BỊ ÉP TRỤC VÍT CÓ ÁO HƠI LÀM CHÍN SẢN PHẨM</h5>\r\n                <i>Địa chỉ áp dụng:\r\n                    Trường Đại học Nông - Lâm Bắc Giang\r\n                    (xã Bích Sơn, huyện Việt Yên, tỉnh Bắc Giang)\r\n                </i>\r\n                </p> <br />\r\n                <p class=\"img\"><img class=\"wp-image-2755 aligncenter\" src=\"images/anh-kinh-nghiem/Thiết bị ép thủy lực.jpg\" alt=\"shutterstock_185020985\" width=\"600\" height=\"400\"></p>\r\n                <p><h5 class=\"text-center\">THIẾT BỊ ÉP THỦY LỰC</h5>\r\n                <i>Địa chỉ áp dụng:\r\n                    Trường Đại học Nông - Lâm Bắc Giang\r\n                    (xã Bích Sơn, huyện Việt Yên, tỉnh Bắc Giang)\r\n                </i>\r\n                </p> <br />\r\n                <p class=\"img\"><img class=\"wp-image-2755 aligncenter\" src=\"images/anh-kinh-nghiem/image032.jpg\" alt=\"shutterstock_185020985\" width=\"600\" height=\"400\"></p>\r\n                <p><h5 class=\"text-center\">DÂY CHUYỀN THIẾT BỊ CÔNG NGHỆ PHẢN ỨNG HÓA HỌC 1</h5>\r\n                <i>Địa chỉ áp dụng:\r\n                    Trường Đại học Nông - Lâm Bắc Giang\r\n                    (xã Bích Sơn, huyện Việt Yên, tỉnh Bắc Giang)\r\n                </i>\r\n                </p> <br />\r\n                <p class=\"img\"><img class=\"wp-image-2755 aligncenter\" src=\"images/anh-kinh-nghiem/image034.jpg\" alt=\"shutterstock_185020985\" width=\"600\" height=\"400\"></p>\r\n                <p><h5 class=\"text-center\">DÂY CHUYỀN THIẾT BỊ CÔNG NGHỆ PHẢN ỨNG HÓA HỌC 2</h5>\r\n                <i>Địa chỉ áp dụng:\r\n                    Trường Đại học Nông - Lâm Bắc Giang\r\n                    (xã Bích Sơn, huyện Việt Yên, tỉnh Bắc Giang)\r\n                </i>\r\n                </p> <br />\r\n                <p class=\"img\"><img class=\"wp-image-2755 aligncenter\" src=\"images/anh-kinh-nghiem/image036.jpg\" alt=\"shutterstock_185020985\" width=\"600\" height=\"400\"></p>\r\n                <p><h5 class=\"text-center\">THIẾT BỊ KẾT TINH</h5>\r\n                <i>Địa chỉ áp dụng:\r\n                    Trường Đại học Nông - Lâm Bắc Giang\r\n                    (xã Bích Sơn, huyện Việt Yên, tỉnh Bắc Giang)\r\n                </i>\r\n                </p> <br />\r\n                <p class=\"img\"><img class=\"wp-image-2755 aligncenter\" src=\"images/anh-kinh-nghiem/image038.jpg\" alt=\"shutterstock_185020985\" width=\"600\" height=\"400\"></p>\r\n                <p><h5 class=\"text-center\">THIẾT BỊ LỌC CHÂN KHÔNG</h5>\r\n                <i>Địa chỉ áp dụng:\r\n                    Trường Đại học Nông - Lâm Bắc Giang\r\n                    (xã Bích Sơn, huyện Việt Yên, tỉnh Bắc Giang)\r\n                </i>\r\n                </p> <br />\r\n                <p class=\"img\"><img class=\"wp-image-2755 aligncenter\" src=\"images/anh-kinh-nghiem/image040.jpg\" alt=\"shutterstock_185020985\" width=\"600\" height=\"400\"></p>\r\n                <p><h5 class=\"text-center\">NỒI NẤU SỮA ĐẬU NÀNH</h5>\r\n                <i>Địa chỉ áp dụng:\r\n                    Công ty Cổ phần Thực phẩm Vinastar\r\n                    (KCN Đông Thọ, huyện Yên Phong, tỉnh Bắc Ninh)\r\n                </i>\r\n                </p> <br />\r\n                <p class=\"img\"><img class=\"wp-image-2755 aligncenter\" src=\"images/anh-kinh-nghiem/image042.jpg\" alt=\"shutterstock_185020985\" width=\"600\" height=\"400\"></p>\r\n                <p><h5 class=\"text-center\">THIẾT BỊ LẮNG - LỌC - LY TÂM TÁCH BÃ</h5>\r\n                <i>Địa chỉ áp dụng:\r\n                    Công ty Cổ phần Thực phẩm Vinastar\r\n                    (KCN Đông Thọ, huyện Yên Phong, tỉnh Bắc Ninh)\r\n                </i>\r\n                </p> <br />\r\n                <p class=\"img\"><img class=\"wp-image-2755 aligncenter\" src=\"images/anh-kinh-nghiem/image042.jpg\" alt=\"shutterstock_185020985\" width=\"600\" height=\"400\"></p>\r\n                <p><h5 class=\"text-center\">THIẾT BỊ LÀM NGUUỘI - ĐỒNG HÓA</h5>\r\n                <i>Địa chỉ áp dụng:\r\n                    Công ty Cổ phần Thực phẩm Vinastar\r\n                    (KCN Đông Thọ, huyện Yên Phong, tỉnh Bắc Ninh)\r\n                </i>\r\n                </p> <br />\r\n                <p class=\"img\"><img class=\"wp-image-2755 aligncenter\" src=\"images/anh-kinh-nghiem/image046.jpg\" alt=\"shutterstock_185020985\" width=\"600\" height=\"400\"></p>\r\n                <p><h5 class=\"text-center\">NỒI THANH TRÙNG ÁP LỰC KIỂU THẲNG ĐỨNG</h5>\r\n                <i>Địa chỉ áp dụng:\r\n                    Công ty Cổ phần Thực phẩm Vinastar\r\n                    (KCN Đông Thọ, huyện Yên Phong, tỉnh Bắc Ninh)\r\n                </i>\r\n                </p> <br />\r\n                <p class=\"img\"><img class=\"wp-image-2755 aligncenter\" src=\"images/anh-kinh-nghiem/image048.jpg\" alt=\"shutterstock_185020985\" width=\"600\" height=\"400\"></p>\r\n                <p><h5 class=\"text-center\">DÂY CHUYỀN THIẾT BỊ CÔNG NGHỆ CHIẾT RÓT</h5>\r\n                <i>Địa chỉ áp dụng:\r\n                    Công ty Cổ phần Thực phẩm Vinastar\r\n                    (KCN Đông Thọ, huyện Yên Phong, tỉnh Bắc Ninh)\r\n                </i>\r\n                </p> <br />\r\n                <p class=\"img\"><img class=\"wp-image-2755 aligncenter\" src=\"images/anh-kinh-nghiem/image050.jpg\" alt=\"shutterstock_185020985\" width=\"600\" height=\"400\"></p>\r\n                <p><h5 class=\"text-center\">NỒI HƠI - BÌNH GOM HƠI - HỆ THÔNG ĐƯỜNG ỐNG PHÂN PHỐI HƠI</h5>\r\n                <i>Địa chỉ áp dụng:\r\n                    Công ty Cổ phần Thực phẩm Vinastar\r\n                    (KCN Đông Thọ, huyện Yên Phong, tỉnh Bắc Ninh)\r\n                </i>\r\n                </p> <br />','2016-05-19 11:59:52'),(7,'Một số công trình thiết bị công nghệ tiêu biểu thầy Quang','images/anh-bai-viet.jpg','Một số công trình thiết bị công nghệ tiêu biểu thầy Quang đã triển khai thành công cho các cơ quan, đơn vị, doanh nghiệp và cá nhân:...','<h4>I. Các công trình thiết bị công nghệ sản xuất rượu chất lượng cao, chưng cất tinh dầu\r\n\r\nvà chiết xuất dược liệu</h1><br>\r\n\r\n1. Thiết kế, chế tạo hệ thống dây chuyền thiết bị công nghệ nghiền, nấu, lên men và tháp\r\n\r\nchưng luyện rượu truyền thống chất lượng cao, chưng cất tinh dầu và chiết xuất dược liệu\r\n\r\ncho Gv.Ks. NCS. Nguyễn Xuân Bang, Trường Đại học Nông nghiệp Hà Nội (Triển khai thi\r\n\r\ncông lắp đặt thiết bị và chuyển giao công nghệ tại Sở Nông nghiệp &amp; Phát triển Nông thôn\r\n\r\ntỉnh Quảng Ninh), năm 2011;<br>\r\n\r\n2. Thiết kế, chế tạo hệ thống tháp chưng luyện rượu truyền thống chất lượng cao , chưng\r\n\r\ncất tinh dầu, chiết xuất dược liệu và các hợp chất màu thiên nhiên làm mô hình trình diễn\r\n\r\ncho Trung tâm Thiết kế, Chế tạo Máy Thiết bị và Chuyển giao Công nghệ Trí Việt (Số 196,\r\n\r\nThân Nhân Trung, Bích Động, Việt Yên, Bắc Giang), năm 2011;<br>\r\n\r\n3. Thiết kế, chế tạo hệ thống dây chuyền thiết bị công nghệ nấu, lên men; tháp chưng luyện\r\n\r\nphân đoạn tách tạp các sản phẩm rượu truyền thống chất lượng cao, chưng cất tinh dầu và\r\n\r\nchiết xuất dược liệu và chuyển giao công nghệ sản xuất rượu nếp cái hoa vàng cho Công ty\r\n\r\nCổ phần Dạ Lan (Số 1, Phan Chu Trinh, P. Điện Biên, Tp. Thanh Hóa; Nhà máy sản xuất:\r\n\r\nKCN Hoàng Long, Tp. Thanh Hóa), năm 2011;<br>\r\n\r\n4. Thiết kế, chế tạo thiết bị nghiền, nấu, lên men và chưng cất rượu truyền thống , chưng cất\r\n\r\ntinh dầu và chiết xuất dược liệu cho anh Lê Đức Thành (Phường Chăm Mát, Thành phố\r\n\r\nHòa Bình), năm 2013;<br>\r\n\r\n5. Thiết kế, chế tạo tháp chưng luyện phân đoạn tách tạp các sản phẩm rượu truyền thống,\r\n\r\nchưng cất tinh dầu và chiết xuất dược liệu cho anh Nguyễn Văn Long (Trường Quân sự\r\n\r\nQuân khu 3, Chí Linh, Sao Đỏ, Hải Dương), năm 2013;<br>\r\n\r\n6. Thiết kế, chế tạo hệ thống dây chuyền thiết bị nấu, lên men, tháp chưng luyện phân đoạn\r\n\r\ntách tạp các sản phẩm rượu truyền thống chất lượng cao, chiết xuất Cucurmin từ củ nghệ đỏ\r\n\r\nvà chuyển giao công nghệ sản xuất rượu nghệ cho Công ty Cổ phần Nghệ Việt (Nông\r\n\r\ntrường Thạch Quảng, Thạch Thành, Thanh Hóa), năm 2013;\r\n<br>\r\n7. Cải tạo nồi cô đặc chân không thành hệ thống tháp chưng cất rượu Brandy vải thiều cho\r\n\r\nđề tài nghiên cứu cấp cơ sở, Khoa Công nghệ Thực phẩm - Trường Đại học Nông - Lâm\r\n\r\nBắc Giang, năm 2014;\r\n<br>\r\n8. Thiết kế, chế tạo tháp chưng luyện phân đoạn tách tạp các sản phẩm rượu truyền thống\r\n\r\nchất lượng cao, chưng cất tinh dầu và chiết xuất dược liệu cho Công ty TNHH Rượu Cát\r\n\r\nLinh (Tiên Phương, Chương Mỹ, Hà Nội), năm 2014;\r\n<br>\r\n9. Chuyên gia Thiết bị và Công nghệ triển khai toàn bộ dự án khoa học công nghệ cấp tỉnh\r\n\r\ncủa tỉnh Thanh Hóa “Ứng dụng công nghệ để hoàn thiện dây chuyền sản xuất và nâng cao\r\n\r\nchất lượng rượu truyền thống “Nếp cái hoa vàng Dạ Lan” tại tỉnh Thanh Hóa” cho Công ty\r\n\r\nCổ phần Dạ Lan (Số 1, Phan Chu Trinh, P. Điện Biên, Tp. Thanh Hóa; Nhà máy sản xuất:\r\n\r\nKCN Hoàng Long, Tp. Thanh Hóa), năm 2014-2015;\r\n<br>\r\n10. Thiết kế, chế tạo tháp chưng luyện phân đoạn tách tạp các sản phẩm rượu truyền thống\r\n\r\nchất lượng cao, chưng cất tinh dầu và chiết xuất dược liệu cho ông Nguyễn Văn Thành (thị\r\n\r\ntrấn Lim, tỉnh Bắc Ninh), năm 2015;\r\n<br>\r\n11. Chuyên gia Thiết bị và Công nghệ triển khai toàn bộ dự án khoa học công nghệ cấp tỉnh\r\n\r\ncủa tỉnh Hà Giang “Quy hoạch phát triển ngành rượu - bia - nước giải khát tỉnh Hà Giang\r\n\r\nđến năm 2020, xét đến năm 2025” cho Sở Công Thương tỉnh Hà Giang, năm 2015;\r\n<br>\r\n12 Chuyên gia Thiết bị và Công nghệ triển khai toàn bộ dự án thiết kế, chế tạo và chuyển\r\n\r\ngiao công nghệ sản xuất rượu ngô men lá cho Công ty Cổ phần Rượu Bia Hà Giang “Quy\r\n\r\nhoạch phát triển ngành rượu - bia - nước giải khát tỉnh Hà Giang đến năm 2020, xét đến\r\n\r\nnăm 2025”.<br>\r\n\r\n<h4>II. Các công trình thiết bị công nghệ chế biến nông sản thực phẩm</h4><br>\r\n\r\n1. Cải tạo và lắp đặt dây chuyền thiết bị công nghệ sản xuất Bia Rượu cho Khoa Công nghệ\r\n\r\nThực phẩm, Trường Đại học Nông - Lâm Bắc Giang, năm 2008;\r\n<br>\r\n2. Chuyên gia Thiết bị và Công nghệ triển khai toàn bộ dự án cung cấp và lắp đặt hệ thống\r\n\r\ncác dây chuyền thiết bị công nghệ phục vụ cho đáo tạo, nghiên cứu khoa học và sản xuất\r\n\r\nchế biến các sản phẩm nông sản và thực phẩm cho Khoa Chế biến Nông sản Thực phẩm,\r\n\r\nTrường Cao đẳng Nghề Cơ Điện Công nghệ Thực phẩm Phú Thọ, năm 2011-2012;\r\n<br>\r\n3. Chuyên gia Thiết bị và Công nghệ triển khai toàn bộ dự án lắp đặt dây chuyền thiết bị\r\n\r\ncông nghệ sản xuất sữa đậu nành cho Công ty Cổ phần Thực phẩm Vinastar, KCN Đông\r\n\r\nThọ, tỉnh Bắc Ninh, năm 2011;<br>\r\n\r\n4. Chuyên gia Thiết bị và Công nghệ triển khai toàn bộ dự án lắp đặt dây chuyền thiết bị\r\n\r\ncông nghệ sản xuất sữa tương ớt cho Công ty Cổ phần Thực phẩm XNK Rau Quả Bắc\r\n\r\nGiang, năm 2011;<br>\r\n\r\n5. Thiết kế, chế tạo máy sấy đối lưu năng suất 500 kg/mẻ cho Công ty TNHH Thiết bị Áp\r\n\r\nlực Đức Thọ (Tam Lư, Bắc Ninh), năm 2013;<br>\r\n\r\n6. Thiết kế, chế tạo máy sấy đối lưu gián tiếp nhiệt độ thấp tuần hoàn một phần không khí\r\n\r\nthải để sấy dược liệu có năng suất 50 kg/mẻ cho đề tài nghiên cứu khoa học cấp cơ sở của\r\n\r\nTS. Nguyễn Văn Hoàn (Khoa Lâm Nghiệp, Trường Đại học Nông Lâm Bắc Giang), năm\r\n\r\n2015;<br>\r\n\r\n7. Chuyên gia Thiết bị và Công nghệ sửa chữa cải tạo máy sấy phun cho Khoa Chế biến\r\n\r\nNông sản Thực phẩm, Trường Cao đẳng Nông Lâm Bắc Giang, năm 20014.<br>\r\n\r\n<h4>III. Các công trình thiết bị công nghệ hóa học và xử lý rác, nước, hấp phụ và hấp thụ\r\n\r\nkhí thải</h3><br>\r\n\r\n1. Chuyên gia Thiết bị và Công nghệ cải tạo và lắp đặt dây chuyền thiết bị công nghệ xử lý\r\n\r\nnước cho khoa Công nghệ Thực phẩm, Trường Đại học Nông - Lâm Bắc Giang, năm 2009;<br>\r\n\r\n2. Triển khai chế tạo dây chuyền Thiết bị phản ứng hóa học cho ThS. Lê Văn Dinh (thôn\r\n\r\nĐầu, xã Tự Lạn, huyện Việt Yên, tỉnh Bắc Giang), năm 2010;<br>\r\n\r\n3. Chuyên gia Thiết bị và Công nghệ cung cấp và lắp đặt dây chuyền thiết bị công nghệ xử\r\n\r\nlý nước cho khoa Chế biến Nông sản Thực phẩm, Trường Cao đẳng Cơ Điện và Công nghệ\r\n\r\nThực phẩm Phú Thọ, năm 20011;<br>\r\n\r\n4. Xây dựng mô hình Thiết bị và Công nghệ đốt rác và hệ thống tháp hấp phụ và hấp thụ\r\n\r\nkhí thải cho TS. Nguyễn Văn Hoàn (Khoa Lâm Nghiệp, Trường Đại học Nông Lâm Bắc\r\n\r\nGiang, năm 2015.<br>\r\n<h4 style=\"margin-left: 500px;\"> Tác giả</h4><br><br><br>\r\n\r\n\r\n<h4 style=\"margin-left: 425px;\"> Gv.ThS. Nguyễn Văn Quang</h4>','2016-05-20 00:23:54');
/*!40000 ALTER TABLE `tintuc` ENABLE KEYS */;
UNLOCK TABLES;

--
-- Table structure for table `tuvan`
--

DROP TABLE IF EXISTS `tuvan`;
/*!40101 SET @saved_cs_client     = @@character_set_client */;
/*!40101 SET character_set_client = utf8 */;
CREATE TABLE `tuvan` (
  `tuvan_id` int(11) NOT NULL AUTO_INCREMENT,
  `tuvan_tieude` text COLLATE utf8_unicode_ci NOT NULL,
  `tuvan_anh` text COLLATE utf8_unicode_ci NOT NULL,
  `tuvan_noidung` text COLLATE utf8_unicode_ci NOT NULL,
  `tuvan_ngaytao` timestamp NOT NULL DEFAULT CURRENT_TIMESTAMP ON UPDATE CURRENT_TIMESTAMP,
  PRIMARY KEY (`tuvan_id`)
) ENGINE=InnoDB DEFAULT CHARSET=utf8 COLLATE=utf8_unicode_ci;
/*!40101 SET character_set_client = @saved_cs_client */;

--
-- Dumping data for table `tuvan`
--

LOCK TABLES `tuvan` WRITE;
/*!40000 ALTER TABLE `tuvan` DISABLE KEYS */;
/*!40000 ALTER TABLE `tuvan` ENABLE KEYS */;
UNLOCK TABLES;

--
-- Table structure for table `tuyendungnhansu`
--

DROP TABLE IF EXISTS `tuyendungnhansu`;
/*!40101 SET @saved_cs_client     = @@character_set_client */;
/*!40101 SET character_set_client = utf8 */;
CREATE TABLE `tuyendungnhansu` (
  `baiviet_id` int(11) NOT NULL AUTO_INCREMENT,
  `baiviet_tieude` text COLLATE utf8_unicode_ci NOT NULL,
  `baiviet_anh` text COLLATE utf8_unicode_ci NOT NULL,
  `baiviet_gioithieu` text COLLATE utf8_unicode_ci NOT NULL,
  `baiviet_noidung` text COLLATE utf8_unicode_ci NOT NULL,
  `baiviet_ngaylap` timestamp NOT NULL DEFAULT CURRENT_TIMESTAMP ON UPDATE CURRENT_TIMESTAMP,
  PRIMARY KEY (`baiviet_id`)
) ENGINE=InnoDB DEFAULT CHARSET=utf8 COLLATE=utf8_unicode_ci;
/*!40101 SET character_set_client = @saved_cs_client */;

--
-- Dumping data for table `tuyendungnhansu`
--

LOCK TABLES `tuyendungnhansu` WRITE;
/*!40000 ALTER TABLE `tuyendungnhansu` DISABLE KEYS */;
/*!40000 ALTER TABLE `tuyendungnhansu` ENABLE KEYS */;
UNLOCK TABLES;

--
-- Table structure for table `user`
--

DROP TABLE IF EXISTS `user`;
/*!40101 SET @saved_cs_client     = @@character_set_client */;
/*!40101 SET character_set_client = utf8 */;
CREATE TABLE `user` (
  `id` int(11) NOT NULL AUTO_INCREMENT,
  `first_name` varchar(64) COLLATE utf8_unicode_ci NOT NULL,
  `last_name` varchar(64) COLLATE utf8_unicode_ci NOT NULL,
  `username` varchar(255) COLLATE utf8_unicode_ci NOT NULL,
  `auth_key` varchar(32) COLLATE utf8_unicode_ci NOT NULL,
  `password_hash` varchar(255) COLLATE utf8_unicode_ci NOT NULL,
  `password_reset_token` varchar(255) COLLATE utf8_unicode_ci DEFAULT NULL,
  `email` varchar(255) COLLATE utf8_unicode_ci NOT NULL,
  `phone_number` varchar(32) COLLATE utf8_unicode_ci NOT NULL,
  `status` smallint(6) NOT NULL DEFAULT '10',
  `created_at` int(11) NOT NULL,
  `updated_at` int(11) NOT NULL,
  PRIMARY KEY (`id`),
  UNIQUE KEY `username` (`username`),
  UNIQUE KEY `email` (`email`),
  UNIQUE KEY `password_reset_token` (`password_reset_token`)
) ENGINE=InnoDB AUTO_INCREMENT=43 DEFAULT CHARSET=utf8 COLLATE=utf8_unicode_ci;
/*!40101 SET character_set_client = @saved_cs_client */;

--
-- Dumping data for table `user`
--

LOCK TABLES `user` WRITE;
/*!40000 ALTER TABLE `user` DISABLE KEYS */;
INSERT INTO `user` VALUES (1,'admin','','admin','K5SFofvrwUZ9kzYkcdX6WXQk9ry9p_WQ','$2y$13$WHRqety8GaOIYY6APDkVu.RVtsXOHJXe1Lf7cKf/WLP2Oymr/2NIq',NULL,'thuccoi@gmail.com','',10,1452718506,1452718506),(2,'Nguyễn Thế','Thức','thuccoi','NJWSLjm0GIrnr8Z_KNPOMtN7zza3bvgD','$2y$13$m0zGbDn9M6SsWvAtM6gDxeiMMHQIkJn0oFs/DsfmdE49njCn9vc/C','dQrgRC_FM02pvsL7w6jItVUx59zES19c_1456394509','thucfami@gmail.com','0979846286',10,1452719756,1456394854),(6,'Lê','Tuấn','letuan195','ZNlhIchLCm87VXGI_zYzNnNpkBogsWzH','$2y$13$eiNsnv3jM0Hm95VooRoMr.UpqP3sHmknpvyg.es34oHqF1ubofeM.',NULL,'kid1412bk@gmail.com','01689906590',10,1455874034,1455874034),(7,'Nguyễn ','Long','vanlong96tg','eJH9mNaMJ2GCpKGZQo9o9TZd_ZTPTzxl','$2y$13$q8ShJzj6I0TSmAJfkXZtR.1YXKi9bZz/lzyslOelpD5s.FvrgZl.y',NULL,'vanlong96tg@gmail.com','0986626975',10,1455874048,1455874048),(8,'Văn','Đạt','bom chi cac','FLoC3WKHQ3dHgYvZBvSpGDNrOzKPobqU','$2y$13$1OAu2P8ndQc3q.ajQXEoGuVOTaFsZC9HZBEXlzxlpZ73IKavVA5Rq',NULL,'datnguyen.hust@mail.com','01648518339',10,1455874089,1455874089),(9,'Vũ','Bình','thanhniencung','B8XrOnIBc4YU9Ed57BCPSL9e7WNBgQiM','$2y$13$0eEHSE1mY3fiGXIz2esQB.7UglBfxCLFz5Tlxf6ETnAUyknz9H1KK',NULL,'ducbinhbka@gmail.com','0987452739',10,1455874169,1455874169),(10,'Phạm Ngọc','Phong','phamngocphong','M2wVXraGtMRfb7aBSB3-E5C37Ic-OjY4','$2y$13$m.cmmWO1d6eAdjXExC/eueqRXRRW92rT0Zc1o45gmC4omgUTZpMVq',NULL,'phamngocphonghd@gmail.com','01696165827',10,1455874187,1455874187),(11,'đào','đức','hai_nao','_S2nLeZlscmRKt4R5mfBc0OYQrvPaKOR','$2y$13$y/cd9TNcA8nVIjjEuRYuIOwctQcVCzdhSO5k/9lQsOWaz3RPly/Rm',NULL,'daoduyduc94@gmail.com','01675185569',10,1455875244,1455875244),(12,'Nguyễn Trọng','Vinh','Vinhnt','U1314Rym8DFx-CCdLbQ_V0ENawuybj6e','$2y$13$Mn6pxjJN038XA0xg1xddLeDv82RsqCQH.TIxhLVA/ub/YTTjGsr4.',NULL,'nguyenvinh.hust@gmail.com','0971425768',10,1455875508,1455875508),(13,'Nguyễn','Tuấn Anh','tuananh','cN6a_1X_-V0nBfUnrARnQe7dFZYStm91','$2y$13$GsgWHYjQc5Bk6weuB9JE4OX9OuUKQnbMMVG28ZvRNdXkRkpy/MI5y',NULL,'tuananhsubasa@gmail.com','0973463606',10,1455875518,1455875518),(14,'Nguyễn Văn','Bính','vanbinh_sf','0OTphvXN0BNAyGBwKwHPjIkYY7hSUxuc','$2y$13$jFDYj/PJFUm4L3Lr0a/vJuKGtKAUhf5lKDicZR9nzy2pdjxP88YAS',NULL,'vanbinh.katt@gmail.com','0972415704',10,1455875772,1455875772),(15,'Vũ','Thành Đạt','thanhdat','oBqI_agQEapgUhDXCMgWDMJuqMBdv23o','$2y$13$hpVwYCRgiz5DLWor2l63VewsGHR1iXQFkDogDQ2j00s9WlOOGuvqq',NULL,'thanhdatvu888@gmail.com','01642084969',10,1455875873,1455875873),(16,'Nguyễn','Quang Thái','Thái97','LSCk7D8kOwj6kRQ5dmac_vwuiuJEmOzt','$2y$13$bOY92rbm3cDv2ZkaMCgATuWAXCnqlAjmmF9s/FNGmR81e/5ywrZrS','kEiyzdhH8QOfOUExaBxsmNGdAmnL55sz_1456115035','nqt231097@gmail.com','01644310146',10,1455877959,1456115035),(17,'Phạm Ngọc ','Quang Anh','Motmietmai','QylYIFXwW50MpeGn7L2p3ZkRf8RpQLjJ','$2y$13$.4/lZc6fspPuodEXPaP2WeiddU2HrVIk6e2HxYDhmA8wh1QRHNEVa',NULL,'Motmietmai@gmail.com','0914042280 ',10,1455878114,1455878114),(18,'Lê','Quang Huy','lqhuy16','tP8ZDh0rccg1Pbcl8ztxbWM5-CuyqAXJ','$2y$13$aVKG.7.wdDrPV4wZ39dH4.aVBjf756XQ5hLrJ/98I7QicTy5nAPPq',NULL,'lqhuy16@gmail.com','01687489216',10,1455878397,1455878397),(19,'Vũ Sơn','Tùng','Vusontung2412','p7k1FumXIM2i-SY66zHGfMFGxv3avD0Z','$2y$13$QqwxKCXZvNboYbT/P7gkSeioaYE1TQFX54IuMjkrJQfNvnb8mhw7i',NULL,'vusontung2412@gmail.com','0916889579',10,1455878633,1455878654),(20,'Lê','Xuân Dũng','xuandung93','O1fSRzaTDscXDD7WwU4aW75WUYEc55wb','$2y$13$f7sdP0H.ZJnPHhGlyy74PeBbnTV9Cn5rrT6Ou1sPXq77UlL3K5KlW',NULL,'thitganuong58@gmail.com','01269161006',10,1455879144,1455879144),(21,'Cao','Tuấn Dũng','dungct','FXna6PNc2jcaM6ryPvyetbZvmGXneQLZ','$2y$13$9uIsv0syxZzndjVLhDjMzOFrwuUZmhnN4xdTHTWyxZeMZVYYBxvr.',NULL,'chicharito.cao@gmail.com','01634952359',10,1455880675,1455880675),(22,'Per','Heart','perheart','IWSJw-wvCLvBrEAYsdneaN0dIDFKB5Z-','$2y$13$aoYTV92JYu9ITTCaqamPWO1YUts/.CIuixK9tem7bmpMdKgI.e2fy',NULL,'angelsnow275@gmail.com','01649803983',10,1455882735,1455882735),(23,'Bùi Huy','Tuấn','huytuan44','kLYq65ZrYcrieChJVG1Qyo7oaCewvVQi','$2y$13$OybeNvXZ2GvS10mMVIXNieIW.l4tK85IO6aAy2/jSjZ6Ykmc2yPvO',NULL,'tuanbh2012bktt@gmail.com','01652460401',10,1455883919,1455883919),(24,'Đặng Văn','Tòng','tongdv','sNzUalyHSZY_UbWjxfF-QIHVFvev0qof','$2y$13$.zvMXj4s7QUo9wLeZEzCNOhaNPu0Uq7nk/TQFA.2OvXfx4yKzVJlW',NULL,'hongminhbka@gmail.com','0974876295',10,1455884585,1455884585),(25,'Đặng','Quang','windlight9x','ocydukw7pcc4TJsz6DqBbcHSwzQCqvXT','$2y$13$hIfg9CM1bPw8CfXN62wnnOeo5gneV5wLrc4VtOUhw0QANPAP746Nm',NULL,'windlight9x@gmail.com','01288826896',10,1455884595,1455884595),(26,'trần','huy','tranhuy','Y8FRAEoF_UqMpUbt4lee35oYam8UAvOH','$2y$13$FR1OvdH8M5wPVMNcVi/8mOj4v6Hc.3ydqhSShvvzrrnsFyK9.bsRW',NULL,'huytv260692@gmail.com','01675687923',10,1455885925,1455885925),(28,'Nguyễn ','Mạnh Đại','Chevanhoan','zqkFv8Bvx0peRZRt-vFnLwWN36HewjnB','$2y$13$0JM9VQ1ixQZTcT23fAFx4.xihFn8owyHH5HaKMkcWGK1GncaBFhw2',NULL,'nmdai.cvh34@gmail.com','01678812425',10,1455887575,1455887575),(29,'Nguyễn','Duy Khánh','123456','cAxaIQCcvVQjz91JLKXq8mJuRaDJ8L_D','$2y$13$1VDGqBcwFNUGXlpVVxLH/esh9ccK/aPvBAVDlIYouIVAsjRg9Nm6i',NULL,'nguyenduykhanh9294@gmail.com','01669956897',10,1455890630,1455890630),(30,'Đinh','Tiến Thành','thanh.dinh1702','2xahb8JIanXnEp1azvtFHXI63xJNLQyi','$2y$13$.bm2zTQ/4whp7C96wHY0c.UCnzlqEmxSvUkx.bgK9DdHt9ZA2BXCW',NULL,'dinhtienthanh1702tt@gmail.com','01683579125',10,1455897273,1455897273),(31,'Phạm','Việt','MrPham','f4OCyj6v1OksMqM74LwmFQNSsqSgTli3','$2y$13$a.OEHvJ1sPMpYdHRJ//4peBZOTZi6y4zUvt.z1z7TRVEPw3s2YKqa',NULL,'vietbk218@gmail.com','01688376375',10,1455938781,1455938781),(32,'Phạm','Chuyển','chuyenbka','0JsM4mwjlcd9UpPmejbAx-OHYfbslIT9','$2y$13$9Hwtp28E1s5Xzjg7558Yiu9ezHuopUAF6iQeFD6Gtd01Kx3UAIKLC',NULL,'chuyenbka@gmail.com','01689953142',10,1455940466,1455940466),(33,'Tạ Đức','Trung','TaDucTrung','lzV5rI0TjRYKm2G7GjRRqDg_JHsCMarK','$2y$13$zR9vju4GKRG63KzHYtImbuzoDYUyD02ll.GysM.Q.xiV9k.rbOhtC',NULL,'taductrungpt@gmail.com','01678100256',10,1455986764,1455986764),(34,'nguyễn','duy','nguyenduybk312','hgDPKI798ZUQ3AGt98wbQ-vlDokbrnFp','$2y$13$6zdzL41QLcUs0LrfcGOk..Uw1XzJ.0An9kyFsDuPO5rvmGtKSdJya',NULL,'nguyenduybk312@gmail.com','0915343785',10,1456019780,1456019780),(35,'Cao Đình','Phong','obitooo','1bPcXHmsg917k5I2VeIYtVD4ewREhV66','$2y$13$z0DfKUO/8ki5OyHxC92Ez.u5aAJZVkQ89tGVCaIOEXUYX8FA4.wVm',NULL,'toiselamduoc96@gmail.com','01203160530',10,1456032676,1456032676),(36,'Nguyễn văn','Thường','monkeyboy2004','MW-Ud_q8FvvYrfL5v_zvbeym3j4fipN7','$2y$13$bgmTcZAc2CKDhk84y5iIz.WrUSHiBBNnQhPilhKvXAB3iOEc683U6',NULL,'nguyenvanthuong2004@gmail.com','0984443645',10,1456114544,1456114544),(37,'nguyen','tuan','mr.Tuan','4xzADh375zpkK38GpNMEcUWzZ75t_QpQ','$2y$13$RK.HzdMJsga/m3WKawa3ZORyV6CDo5hamJ8FZ0GYQmBqxUHvYC.XK',NULL,'sunsshinemrt@gmail.com','0987862593',10,1456160097,1456160097),(38,'Hoàng Ngọc','Thạch','20153466','LtXGAuty9Z7Ji-3DZ37rfv9YjUBQw0vP','$2y$13$M3byFjJVuyX7M5lZ0zl9a.Bvt3Kiva8fX1cyVqJpRnFAiv0zu9WbK',NULL,'raucau1997@gmail.com','0917313328',10,1456214219,1456214219),(39,'Long Nguyễn','','218726965148838','e38ByDgo446b3SL3eGRVRcj-3BfqAQWr','$2y$13$6/TYk9WA6/726CK28nFSZ.J/GLEwxpAU70PXDcXqJASIuFVDAig8W',NULL,'example@gmail.com','000000000',10,1456305721,1456305721),(40,'Trần','Hiến','sblack','9FDc1ZfugbGZ79ZeQVlulTk5dKSVA-xw','$2y$13$FPuJad0Je/GFF9HzfSdY2e/CCEJXJ/du/cz7zYWhCMmipe2qAlBnu',NULL,'hientm.bk57@gmail.com','01676798747',10,1456325976,1456325976),(41,'Nguyen Sy','Huy','huyns','8phD0DINLXBX5zdF9ujBlZGoht1BBXqV','$2y$13$VPL.8W6/sBw8GhR6p99JCucFqbSr3TeJK/pAuFt8TULtJsD1t7NO6',NULL,'huybk.toantin@yahoo.com','0986055277',10,1456390196,1456390196),(42,'Vũ','Cường','cuongvt93','O-Iv4Fkdobj5_96bKoTiVwfQ1rS9DxLB','$2y$13$q9s.h5uHkcNpboqGghZCH.bz0D4AnPhe8JOEovab1ZIlqWi9g8aPW',NULL,'cuongvt93@gmail.com','0916514193',10,1456475843,1456475843);
/*!40000 ALTER TABLE `user` ENABLE KEYS */;
UNLOCK TABLES;
/*!40103 SET TIME_ZONE=@OLD_TIME_ZONE */;

/*!40101 SET SQL_MODE=@OLD_SQL_MODE */;
/*!40014 SET FOREIGN_KEY_CHECKS=@OLD_FOREIGN_KEY_CHECKS */;
/*!40014 SET UNIQUE_CHECKS=@OLD_UNIQUE_CHECKS */;
/*!40101 SET CHARACTER_SET_CLIENT=@OLD_CHARACTER_SET_CLIENT */;
/*!40101 SET CHARACTER_SET_RESULTS=@OLD_CHARACTER_SET_RESULTS */;
/*!40101 SET COLLATION_CONNECTION=@OLD_COLLATION_CONNECTION */;
/*!40111 SET SQL_NOTES=@OLD_SQL_NOTES */;

-- Dump completed on 2016-05-24 22:07:06
